,date,PM 2.5,Station
0,2021-01-01,4.5,Auvergne-Rhône-Alpes
1,2021-01-02,7.17,Auvergne-Rhône-Alpes
2,2021-01-03,5.93,Auvergne-Rhône-Alpes
3,2021-01-04,11.13,Auvergne-Rhône-Alpes
4,2021-01-05,15.79,Auvergne-Rhône-Alpes
5,2021-01-06,13.4,Auvergne-Rhône-Alpes
6,2021-01-07,9.47,Auvergne-Rhône-Alpes
7,2021-01-08,7.77,Auvergne-Rhône-Alpes
8,2021-01-09,8.11,Auvergne-Rhône-Alpes
9,2021-01-10,6.87,Auvergne-Rhône-Alpes
10,2021-01-11,9.5,Auvergne-Rhône-Alpes
11,2021-01-12,16.13,Auvergne-Rhône-Alpes
12,2021-01-13,8.36,Auvergne-Rhône-Alpes
13,2021-01-14,2.6,Auvergne-Rhône-Alpes
14,2021-01-15,1.53,Auvergne-Rhône-Alpes
15,2021-01-16,6.47,Auvergne-Rhône-Alpes
16,2021-01-17,6.3,Auvergne-Rhône-Alpes
17,2021-01-18,6.07,Auvergne-Rhône-Alpes
18,2021-01-19,7.68,Auvergne-Rhône-Alpes
19,2021-01-20,1.5,Auvergne-Rhône-Alpes
20,2021-01-21,1.47,Auvergne-Rhône-Alpes
21,2021-01-22,1.72,Auvergne-Rhône-Alpes
22,2021-01-23,1.5,Auvergne-Rhône-Alpes
23,2021-01-24,1.2,Auvergne-Rhône-Alpes
24,2021-01-25,1.5,Auvergne-Rhône-Alpes
25,2021-01-26,3.7,Auvergne-Rhône-Alpes
26,2021-01-27,6.5,Auvergne-Rhône-Alpes
27,2021-01-28,8.59,Auvergne-Rhône-Alpes
28,2021-01-29,2.2,Auvergne-Rhône-Alpes
29,2021-01-30,3.87,Auvergne-Rhône-Alpes
30,2021-01-31,9.86,Auvergne-Rhône-Alpes
31,2021-02-01,2.2,Auvergne-Rhône-Alpes
32,2021-02-02,3.47,Auvergne-Rhône-Alpes
33,2021-02-03,1.82,Auvergne-Rhône-Alpes
34,2021-02-04,7.17,Auvergne-Rhône-Alpes
35,2021-02-05,8.77,Auvergne-Rhône-Alpes
36,2021-02-06,6.6,Auvergne-Rhône-Alpes
37,2021-02-07,1.12,Auvergne-Rhône-Alpes
38,2021-02-08,3.67,Auvergne-Rhône-Alpes
39,2021-02-09,3.47,Auvergne-Rhône-Alpes
40,2021-02-10,10.68,Auvergne-Rhône-Alpes
41,2021-02-11,13.57,Auvergne-Rhône-Alpes
42,2021-02-12,15.77,Auvergne-Rhône-Alpes
43,2021-02-13,9.75,Auvergne-Rhône-Alpes
44,2021-02-14,10.74,Auvergne-Rhône-Alpes
45,2021-02-15,1.57,Auvergne-Rhône-Alpes
46,2021-02-16,1.17,Auvergne-Rhône-Alpes
47,2021-02-17,5.65,Auvergne-Rhône-Alpes
48,2021-02-18,2.29,Auvergne-Rhône-Alpes
49,2021-02-19,2.29,Auvergne-Rhône-Alpes
50,2021-02-20,2.2,Auvergne-Rhône-Alpes
51,2021-02-21,2.17,Auvergne-Rhône-Alpes
52,2021-02-22,4.17,Auvergne-Rhône-Alpes
53,2021-02-23,5.07,Auvergne-Rhône-Alpes
54,2021-02-24,4.5,Auvergne-Rhône-Alpes
55,2021-02-25,4.9,Auvergne-Rhône-Alpes
56,2021-02-26,5.74,Auvergne-Rhône-Alpes
57,2021-02-27,7.3,Auvergne-Rhône-Alpes
58,2021-02-28,7.57,Auvergne-Rhône-Alpes
59,2021-03-01,13.0,Auvergne-Rhône-Alpes
60,2021-03-02,4.9,Auvergne-Rhône-Alpes
61,2021-03-03,6.1,Auvergne-Rhône-Alpes
62,2021-03-04,9.67,Auvergne-Rhône-Alpes
63,2021-03-05,11.09,Auvergne-Rhône-Alpes
64,2021-03-06,11.8,Auvergne-Rhône-Alpes
65,2021-03-07,18.84,Auvergne-Rhône-Alpes
66,2021-03-08,10.39,Auvergne-Rhône-Alpes
67,2021-03-09,9.77,Auvergne-Rhône-Alpes
68,2021-03-10,7.2,Auvergne-Rhône-Alpes
69,2021-03-11,3.26,Auvergne-Rhône-Alpes
70,2021-03-12,1.43,Auvergne-Rhône-Alpes
71,2021-03-13,1.23,Auvergne-Rhône-Alpes
72,2021-03-14,1.3,Auvergne-Rhône-Alpes
73,2021-03-15,1.92,Auvergne-Rhône-Alpes
74,2021-03-16,2.67,Auvergne-Rhône-Alpes
75,2021-03-17,2.7,Auvergne-Rhône-Alpes
76,2021-03-18,4.09,Auvergne-Rhône-Alpes
77,2021-03-19,4.73,Auvergne-Rhône-Alpes
78,2021-03-20,3.2,Auvergne-Rhône-Alpes
79,2021-03-21,3.47,Auvergne-Rhône-Alpes
80,2021-03-22,3.97,Auvergne-Rhône-Alpes
81,2021-03-23,4.01,Auvergne-Rhône-Alpes
82,2021-03-24,8.67,Auvergne-Rhône-Alpes
83,2021-03-25,6.1,Auvergne-Rhône-Alpes
84,2021-03-26,6.1,Auvergne-Rhône-Alpes
85,2021-03-27,1.2,Auvergne-Rhône-Alpes
86,2021-03-28,2.9,Auvergne-Rhône-Alpes
87,2021-03-29,3.83,Auvergne-Rhône-Alpes
88,2021-03-30,3.63,Auvergne-Rhône-Alpes
89,2021-03-31,2.8,Auvergne-Rhône-Alpes
90,2021-04-01,2.4,Auvergne-Rhône-Alpes
91,2021-04-02,4.0,Auvergne-Rhône-Alpes
92,2021-04-03,6.17,Auvergne-Rhône-Alpes
93,2021-04-04,2.02,Auvergne-Rhône-Alpes
94,2021-04-05,3.1,Auvergne-Rhône-Alpes
95,2021-04-06,1.5,Auvergne-Rhône-Alpes
96,2021-04-07,1.8,Auvergne-Rhône-Alpes
97,2021-04-08,2.8,Auvergne-Rhône-Alpes
98,2021-04-09,1.1,Auvergne-Rhône-Alpes
99,2021-04-10,1.0,Auvergne-Rhône-Alpes
100,2021-04-11,0.7,Auvergne-Rhône-Alpes
101,2021-04-12,2.4,Auvergne-Rhône-Alpes
102,2021-04-13,2.93,Auvergne-Rhône-Alpes
103,2021-04-14,3.7,Auvergne-Rhône-Alpes
104,2021-04-15,3.3,Auvergne-Rhône-Alpes
105,2021-04-16,3.3,Auvergne-Rhône-Alpes
106,2021-04-17,4.23,Auvergne-Rhône-Alpes
107,2021-04-18,3.77,Auvergne-Rhône-Alpes
108,2021-04-19,4.67,Auvergne-Rhône-Alpes
109,2021-04-20,3.32,Auvergne-Rhône-Alpes
110,2021-04-21,3.42,Auvergne-Rhône-Alpes
111,2021-04-22,5.84,Auvergne-Rhône-Alpes
112,2021-04-23,3.83,Auvergne-Rhône-Alpes
113,2021-04-24,3.2,Auvergne-Rhône-Alpes
114,2021-04-25,2.63,Auvergne-Rhône-Alpes
115,2021-04-26,3.33,Auvergne-Rhône-Alpes
116,2021-04-27,3.1,Auvergne-Rhône-Alpes
117,2021-04-28,2.8,Auvergne-Rhône-Alpes
118,2021-04-29,6.2,Auvergne-Rhône-Alpes
119,2021-04-30,3.7,Auvergne-Rhône-Alpes
120,2021-05-01,7.29,Auvergne-Rhône-Alpes
121,2021-05-02,4.19,Auvergne-Rhône-Alpes
122,2021-05-03,3.33,Auvergne-Rhône-Alpes
123,2021-05-04,1.93,Auvergne-Rhône-Alpes
124,2021-05-05,1.23,Auvergne-Rhône-Alpes
125,2021-05-06,2.06,Auvergne-Rhône-Alpes
126,2021-05-07,1.07,Auvergne-Rhône-Alpes
127,2021-05-08,1.1,Auvergne-Rhône-Alpes
128,2021-05-09,1.0,Auvergne-Rhône-Alpes
129,2021-05-10,1.0,Auvergne-Rhône-Alpes
130,2021-05-11,0.77,Auvergne-Rhône-Alpes
131,2021-05-12,1.42,Auvergne-Rhône-Alpes
132,2021-05-13,0.7,Auvergne-Rhône-Alpes
133,2021-05-14,0.7,Auvergne-Rhône-Alpes
134,2021-05-15,1.3,Auvergne-Rhône-Alpes
135,2021-05-16,1.73,Auvergne-Rhône-Alpes
136,2021-05-17,0.93,Auvergne-Rhône-Alpes
137,2021-05-18,1.17,Auvergne-Rhône-Alpes
138,2021-05-19,0.82,Auvergne-Rhône-Alpes
139,2021-05-20,0.5,Auvergne-Rhône-Alpes
140,2021-05-21,4.332191011235955,Auvergne-Rhône-Alpes
141,2021-05-22,4.332191011235955,Auvergne-Rhône-Alpes
142,2021-05-23,4.332191011235955,Auvergne-Rhône-Alpes
143,2021-05-24,4.332191011235955,Auvergne-Rhône-Alpes
144,2021-05-25,4.332191011235955,Auvergne-Rhône-Alpes
145,2021-05-26,4.332191011235955,Auvergne-Rhône-Alpes
146,2021-05-27,4.332191011235955,Auvergne-Rhône-Alpes
147,2021-05-28,4.332191011235955,Auvergne-Rhône-Alpes
148,2021-05-29,4.332191011235955,Auvergne-Rhône-Alpes
149,2021-05-30,4.332191011235955,Auvergne-Rhône-Alpes
150,2021-05-31,4.332191011235955,Auvergne-Rhône-Alpes
151,2021-06-01,4.332191011235955,Auvergne-Rhône-Alpes
152,2021-06-02,4.332191011235955,Auvergne-Rhône-Alpes
153,2021-06-03,4.332191011235955,Auvergne-Rhône-Alpes
154,2021-06-04,1.5,Auvergne-Rhône-Alpes
155,2021-06-05,1.0,Auvergne-Rhône-Alpes
156,2021-06-06,1.8,Auvergne-Rhône-Alpes
157,2021-06-07,6.57,Auvergne-Rhône-Alpes
158,2021-06-08,4.59,Auvergne-Rhône-Alpes
159,2021-06-09,4.98,Auvergne-Rhône-Alpes
160,2021-06-10,4.94,Auvergne-Rhône-Alpes
161,2021-06-11,5.33,Auvergne-Rhône-Alpes
162,2021-06-12,1.7,Auvergne-Rhône-Alpes
163,2021-06-13,1.9,Auvergne-Rhône-Alpes
164,2021-06-14,2.02,Auvergne-Rhône-Alpes
165,2021-06-15,1.83,Auvergne-Rhône-Alpes
166,2021-06-16,3.23,Auvergne-Rhône-Alpes
167,2021-06-17,4.37,Auvergne-Rhône-Alpes
168,2021-06-18,3.58,Auvergne-Rhône-Alpes
169,2021-06-19,5.19,Auvergne-Rhône-Alpes
170,2021-06-20,2.57,Auvergne-Rhône-Alpes
171,2021-06-21,2.4,Auvergne-Rhône-Alpes
172,2021-06-22,1.21,Auvergne-Rhône-Alpes
173,2021-06-23,0.9,Auvergne-Rhône-Alpes
174,2021-06-24,1.21,Auvergne-Rhône-Alpes
175,2021-06-25,3.4,Auvergne-Rhône-Alpes
176,2021-06-26,3.9,Auvergne-Rhône-Alpes
177,2021-06-27,2.13,Auvergne-Rhône-Alpes
178,2021-06-28,2.17,Auvergne-Rhône-Alpes
179,2021-06-29,0.9,Auvergne-Rhône-Alpes
180,2021-06-30,1.47,Auvergne-Rhône-Alpes
181,2021-07-01,2.33,Auvergne-Rhône-Alpes
182,2021-07-02,3.3,Auvergne-Rhône-Alpes
183,2021-07-03,4.59,Auvergne-Rhône-Alpes
184,2021-07-04,4.22,Auvergne-Rhône-Alpes
185,2021-07-05,1.23,Auvergne-Rhône-Alpes
186,2021-07-06,1.95,Auvergne-Rhône-Alpes
187,2021-07-07,1.9,Auvergne-Rhône-Alpes
188,2021-07-08,1.6,Auvergne-Rhône-Alpes
189,2021-07-09,1.77,Auvergne-Rhône-Alpes
190,2021-07-10,1.93,Auvergne-Rhône-Alpes
191,2021-07-11,2.85,Auvergne-Rhône-Alpes
192,2021-07-12,2.5,Auvergne-Rhône-Alpes
193,2021-07-13,2.09,Auvergne-Rhône-Alpes
194,2021-07-14,2.2,Auvergne-Rhône-Alpes
195,2021-07-15,5.17,Auvergne-Rhône-Alpes
196,2021-07-16,2.52,Auvergne-Rhône-Alpes
197,2021-07-17,7.6,Auvergne-Rhône-Alpes
198,2021-07-18,7.9,Auvergne-Rhône-Alpes
199,2021-07-19,5.43,Auvergne-Rhône-Alpes
200,2021-07-20,5.73,Auvergne-Rhône-Alpes
201,2021-07-21,9.47,Auvergne-Rhône-Alpes
202,2021-07-22,8.17,Auvergne-Rhône-Alpes
203,2021-07-23,7.42,Auvergne-Rhône-Alpes
204,2021-07-24,3.37,Auvergne-Rhône-Alpes
205,2021-07-25,2.47,Auvergne-Rhône-Alpes
206,2021-07-26,3.67,Auvergne-Rhône-Alpes
207,2021-07-27,4.26,Auvergne-Rhône-Alpes
208,2021-07-28,4.94,Auvergne-Rhône-Alpes
209,2021-07-29,3.6,Auvergne-Rhône-Alpes
210,2021-07-30,6.03,Auvergne-Rhône-Alpes
211,2021-07-31,2.13,Auvergne-Rhône-Alpes
212,2021-08-01,1.93,Auvergne-Rhône-Alpes
213,2021-08-02,1.5,Auvergne-Rhône-Alpes
214,2021-08-03,2.45,Auvergne-Rhône-Alpes
215,2021-08-04,5.07,Auvergne-Rhône-Alpes
216,2021-08-05,1.89,Auvergne-Rhône-Alpes
217,2021-08-06,1.63,Auvergne-Rhône-Alpes
218,2021-08-07,1.5,Auvergne-Rhône-Alpes
219,2021-08-08,2.0,Auvergne-Rhône-Alpes
220,2021-08-09,2.0,Auvergne-Rhône-Alpes
221,2021-08-10,3.33,Auvergne-Rhône-Alpes
222,2021-08-11,5.07,Auvergne-Rhône-Alpes
223,2021-08-12,4.92,Auvergne-Rhône-Alpes
224,2021-08-13,5.28,Auvergne-Rhône-Alpes
225,2021-08-14,7.1,Auvergne-Rhône-Alpes
226,2021-08-15,5.81,Auvergne-Rhône-Alpes
227,2021-08-16,1.5,Auvergne-Rhône-Alpes
228,2021-08-17,8.13,Auvergne-Rhône-Alpes
229,2021-08-18,2.5,Auvergne-Rhône-Alpes
230,2021-08-19,1.5,Auvergne-Rhône-Alpes
231,2021-08-20,2.29,Auvergne-Rhône-Alpes
232,2021-08-21,3.5,Auvergne-Rhône-Alpes
233,2021-08-22,2.29,Auvergne-Rhône-Alpes
234,2021-08-23,1.65,Auvergne-Rhône-Alpes
235,2021-08-24,2.49,Auvergne-Rhône-Alpes
236,2021-08-25,2.5,Auvergne-Rhône-Alpes
237,2021-08-26,3.0,Auvergne-Rhône-Alpes
238,2021-08-27,2.17,Auvergne-Rhône-Alpes
239,2021-08-28,1.4,Auvergne-Rhône-Alpes
240,2021-08-29,2.4,Auvergne-Rhône-Alpes
241,2021-08-30,2.1,Auvergne-Rhône-Alpes
242,2021-08-31,3.87,Auvergne-Rhône-Alpes
243,2021-09-01,3.77,Auvergne-Rhône-Alpes
244,2021-09-02,4.47,Auvergne-Rhône-Alpes
245,2021-09-03,4.09,Auvergne-Rhône-Alpes
246,2021-09-04,5.0,Auvergne-Rhône-Alpes
247,2021-09-05,4.43,Auvergne-Rhône-Alpes
248,2021-09-06,3.8,Auvergne-Rhône-Alpes
249,2021-09-07,3.73,Auvergne-Rhône-Alpes
250,2021-09-08,3.15,Auvergne-Rhône-Alpes
251,2021-09-09,5.23,Auvergne-Rhône-Alpes
252,2021-09-10,7.3,Auvergne-Rhône-Alpes
253,2021-09-11,2.73,Auvergne-Rhône-Alpes
254,2021-09-12,2.5,Auvergne-Rhône-Alpes
255,2021-09-13,3.03,Auvergne-Rhône-Alpes
256,2021-09-14,3.0,Auvergne-Rhône-Alpes
257,2021-09-15,3.17,Auvergne-Rhône-Alpes
258,2021-09-16,4.17,Auvergne-Rhône-Alpes
259,2021-09-17,2.43,Auvergne-Rhône-Alpes
260,2021-09-18,3.0,Auvergne-Rhône-Alpes
261,2021-09-19,0.6,Auvergne-Rhône-Alpes
262,2021-09-20,1.5,Auvergne-Rhône-Alpes
263,2021-09-21,3.97,Auvergne-Rhône-Alpes
264,2021-09-22,8.1,Auvergne-Rhône-Alpes
265,2021-09-23,8.23,Auvergne-Rhône-Alpes
266,2021-09-24,7.9,Auvergne-Rhône-Alpes
267,2021-09-25,4.67,Auvergne-Rhône-Alpes
268,2021-09-26,7.15,Auvergne-Rhône-Alpes
269,2021-09-27,4.26,Auvergne-Rhône-Alpes
270,2021-09-28,1.1,Auvergne-Rhône-Alpes
271,2021-09-29,1.2,Auvergne-Rhône-Alpes
272,2021-09-30,1.07,Auvergne-Rhône-Alpes
273,2021-10-01,2.87,Auvergne-Rhône-Alpes
274,2021-10-02,3.6,Auvergne-Rhône-Alpes
275,2021-10-03,2.67,Auvergne-Rhône-Alpes
276,2021-10-04,1.4,Auvergne-Rhône-Alpes
277,2021-10-05,1.6,Auvergne-Rhône-Alpes
278,2021-10-06,1.5,Auvergne-Rhône-Alpes
279,2021-10-07,1.4,Auvergne-Rhône-Alpes
280,2021-10-08,4.09,Auvergne-Rhône-Alpes
281,2021-10-09,10.27,Auvergne-Rhône-Alpes
282,2021-10-10,9.27,Auvergne-Rhône-Alpes
283,2021-10-11,6.35,Auvergne-Rhône-Alpes
284,2021-10-12,3.1,Auvergne-Rhône-Alpes
285,2021-10-13,2.29,Auvergne-Rhône-Alpes
286,2021-10-14,4.67,Auvergne-Rhône-Alpes
287,2021-10-15,6.87,Auvergne-Rhône-Alpes
288,2021-10-16,10.1,Auvergne-Rhône-Alpes
289,2021-10-17,14.59,Auvergne-Rhône-Alpes
290,2021-10-18,11.93,Auvergne-Rhône-Alpes
291,2021-10-19,6.72,Auvergne-Rhône-Alpes
292,2021-10-20,2.4,Auvergne-Rhône-Alpes
293,2021-10-21,2.0,Auvergne-Rhône-Alpes
294,2021-10-22,1.77,Auvergne-Rhône-Alpes
295,2021-10-23,2.0,Auvergne-Rhône-Alpes
296,2021-10-24,5.09,Auvergne-Rhône-Alpes
297,2021-10-25,7.47,Auvergne-Rhône-Alpes
298,2021-10-26,2.67,Auvergne-Rhône-Alpes
299,2021-10-27,6.13,Auvergne-Rhône-Alpes
300,2021-10-28,6.13,Auvergne-Rhône-Alpes
301,2021-10-29,2.2,Auvergne-Rhône-Alpes
302,2021-10-30,1.0,Auvergne-Rhône-Alpes
303,2021-10-31,1.0,Auvergne-Rhône-Alpes
304,2021-11-01,1.2,Auvergne-Rhône-Alpes
305,2021-11-02,1.2,Auvergne-Rhône-Alpes
306,2021-11-03,0.9,Auvergne-Rhône-Alpes
307,2021-11-04,1.9,Auvergne-Rhône-Alpes
308,2021-11-05,2.6,Auvergne-Rhône-Alpes
309,2021-11-06,6.37,Auvergne-Rhône-Alpes
310,2021-11-07,6.17,Auvergne-Rhône-Alpes
311,2021-11-08,3.23,Auvergne-Rhône-Alpes
312,2021-11-09,7.4,Auvergne-Rhône-Alpes
313,2021-11-10,17.77,Auvergne-Rhône-Alpes
314,2021-11-11,17.55,Auvergne-Rhône-Alpes
315,2021-11-12,14.92,Auvergne-Rhône-Alpes
316,2021-11-13,16.73,Auvergne-Rhône-Alpes
317,2021-11-14,4.0,Auvergne-Rhône-Alpes
318,2021-11-15,7.8,Auvergne-Rhône-Alpes
319,2021-11-16,7.9,Auvergne-Rhône-Alpes
320,2021-11-17,3.0,Auvergne-Rhône-Alpes
321,2021-11-18,4.0,Auvergne-Rhône-Alpes
322,2021-11-19,12.13,Auvergne-Rhône-Alpes
323,2021-11-20,14.03,Auvergne-Rhône-Alpes
324,2021-11-21,14.47,Auvergne-Rhône-Alpes
325,2021-11-22,4.09,Auvergne-Rhône-Alpes
326,2021-11-23,4.5,Auvergne-Rhône-Alpes
327,2021-11-24,12.43,Auvergne-Rhône-Alpes
328,2021-11-25,17.77,Auvergne-Rhône-Alpes
329,2021-11-26,13.53,Auvergne-Rhône-Alpes
330,2021-11-27,2.54,Auvergne-Rhône-Alpes
331,2021-11-28,1.1,Auvergne-Rhône-Alpes
332,2021-11-29,1.7,Auvergne-Rhône-Alpes
333,2021-11-30,4.9,Auvergne-Rhône-Alpes
334,2021-12-01,4.8,Auvergne-Rhône-Alpes
335,2021-12-02,2.06,Auvergne-Rhône-Alpes
336,2021-12-03,2.43,Auvergne-Rhône-Alpes
337,2021-12-04,1.3,Auvergne-Rhône-Alpes
338,2021-12-05,1.8,Auvergne-Rhône-Alpes
339,2021-12-06,2.43,Auvergne-Rhône-Alpes
340,2021-12-07,3.45,Auvergne-Rhône-Alpes
341,2021-12-08,1.5,Auvergne-Rhône-Alpes
342,2021-12-09,1.7,Auvergne-Rhône-Alpes
343,2021-12-10,1.37,Auvergne-Rhône-Alpes
344,2021-12-11,1.8,Auvergne-Rhône-Alpes
345,2021-12-12,9.02,Auvergne-Rhône-Alpes
346,2021-12-13,11.6,Auvergne-Rhône-Alpes
347,2021-12-14,15.17,Auvergne-Rhône-Alpes
348,2021-12-15,4.33,Auvergne-Rhône-Alpes
349,2021-12-16,6.77,Auvergne-Rhône-Alpes
350,2021-12-17,12.0,Auvergne-Rhône-Alpes
351,2021-12-18,15.3,Auvergne-Rhône-Alpes
352,2021-12-19,17.89,Auvergne-Rhône-Alpes
353,2021-12-20,8.57,Auvergne-Rhône-Alpes
354,2021-12-21,14.37,Auvergne-Rhône-Alpes
355,2021-12-22,20.1,Auvergne-Rhône-Alpes
356,2021-12-23,4.8,Auvergne-Rhône-Alpes
357,2021-12-24,6.25,Auvergne-Rhône-Alpes
358,2021-12-25,8.19,Auvergne-Rhône-Alpes
359,2021-12-26,11.37,Auvergne-Rhône-Alpes
360,2021-12-27,3.0,Auvergne-Rhône-Alpes
361,2021-12-28,2.6,Auvergne-Rhône-Alpes
362,2021-12-29,5.47,Auvergne-Rhône-Alpes
363,2021-12-30,10.97,Auvergne-Rhône-Alpes
364,2021-12-31,11.27,Auvergne-Rhône-Alpes
365,2022-01-01,19.62,Auvergne-Rhône-Alpes
366,2022-01-02,6.73,Auvergne-Rhône-Alpes
367,2022-01-03,12.32,Auvergne-Rhône-Alpes
368,2022-01-04,2.52,Auvergne-Rhône-Alpes
369,2022-01-05,1.7,Auvergne-Rhône-Alpes
370,2022-01-06,2.2,Auvergne-Rhône-Alpes
371,2022-01-07,6.5,Auvergne-Rhône-Alpes
372,2022-01-08,2.4,Auvergne-Rhône-Alpes
373,2022-01-09,2.52,Auvergne-Rhône-Alpes
374,2022-01-10,3.57,Auvergne-Rhône-Alpes
375,2022-01-11,7.07,Auvergne-Rhône-Alpes
376,2022-01-12,9.65,Auvergne-Rhône-Alpes
377,2022-01-13,16.37,Auvergne-Rhône-Alpes
378,2022-01-14,28.15,Auvergne-Rhône-Alpes
379,2022-01-15,26.9,Auvergne-Rhône-Alpes
380,2022-01-16,18.07,Auvergne-Rhône-Alpes
381,2022-01-17,11.77,Auvergne-Rhône-Alpes
382,2022-01-18,11.4,Auvergne-Rhône-Alpes
383,2022-01-19,19.73,Auvergne-Rhône-Alpes
384,2022-01-20,6.3,Auvergne-Rhône-Alpes
385,2022-01-21,2.7,Auvergne-Rhône-Alpes
386,2022-01-22,5.2,Auvergne-Rhône-Alpes
387,2022-01-23,10.99,Auvergne-Rhône-Alpes
388,2022-01-24,16.47,Auvergne-Rhône-Alpes
389,2022-01-25,26.17,Auvergne-Rhône-Alpes
390,2022-01-26,16.39,Auvergne-Rhône-Alpes
391,2022-01-27,12.43,Auvergne-Rhône-Alpes
392,2022-01-28,9.86,Auvergne-Rhône-Alpes
393,2022-01-29,8.33,Auvergne-Rhône-Alpes
394,2022-01-30,4.87,Auvergne-Rhône-Alpes
395,2022-01-31,3.55,Auvergne-Rhône-Alpes
396,2022-02-01,1.9,Auvergne-Rhône-Alpes
397,2022-02-02,7.8,Auvergne-Rhône-Alpes
398,2022-02-03,4.53,Auvergne-Rhône-Alpes
399,2022-02-04,4.83,Auvergne-Rhône-Alpes
400,2022-02-05,1.73,Auvergne-Rhône-Alpes
401,2022-02-06,3.33,Auvergne-Rhône-Alpes
402,2022-02-07,1.8,Auvergne-Rhône-Alpes
403,2022-02-08,2.83,Auvergne-Rhône-Alpes
404,2022-02-09,5.07,Auvergne-Rhône-Alpes
405,2022-02-10,4.76,Auvergne-Rhône-Alpes
406,2022-02-11,2.1,Auvergne-Rhône-Alpes
407,2022-02-12,4.67,Auvergne-Rhône-Alpes
408,2022-02-13,2.73,Auvergne-Rhône-Alpes
409,2022-02-14,2.0,Auvergne-Rhône-Alpes
410,2022-02-15,1.27,Auvergne-Rhône-Alpes
411,2022-02-16,2.4,Auvergne-Rhône-Alpes
412,2022-02-17,5.17,Auvergne-Rhône-Alpes
413,2022-02-18,1.9,Auvergne-Rhône-Alpes
414,2022-02-19,1.9,Auvergne-Rhône-Alpes
415,2022-02-20,2.87,Auvergne-Rhône-Alpes
416,2022-02-21,2.29,Auvergne-Rhône-Alpes
417,2022-02-22,3.73,Auvergne-Rhône-Alpes
418,2022-02-23,3.42,Auvergne-Rhône-Alpes
419,2022-02-24,5.0,Auvergne-Rhône-Alpes
420,2022-02-25,1.5,Auvergne-Rhône-Alpes
421,2022-02-26,2.4,Auvergne-Rhône-Alpes
422,2022-02-27,5.07,Auvergne-Rhône-Alpes
423,2022-02-28,4.5,Auvergne-Rhône-Alpes
424,2022-03-01,6.27,Auvergne-Rhône-Alpes
425,2022-03-02,5.57,Auvergne-Rhône-Alpes
426,2022-03-03,9.05,Auvergne-Rhône-Alpes
427,2022-03-04,10.97,Auvergne-Rhône-Alpes
428,2022-03-05,10.33,Auvergne-Rhône-Alpes
429,2022-03-06,8.02,Auvergne-Rhône-Alpes
430,2022-03-07,12.9,Auvergne-Rhône-Alpes
431,2022-03-08,10.7,Auvergne-Rhône-Alpes
432,2022-03-09,10.95,Auvergne-Rhône-Alpes
433,2022-03-10,5.43,Auvergne-Rhône-Alpes
434,2022-03-11,4.03,Auvergne-Rhône-Alpes
435,2022-03-12,2.83,Auvergne-Rhône-Alpes
436,2022-03-13,2.63,Auvergne-Rhône-Alpes
437,2022-03-14,5.6,Auvergne-Rhône-Alpes
438,2022-03-15,2.5,Auvergne-Rhône-Alpes
439,2022-03-16,3.43,Auvergne-Rhône-Alpes
440,2022-03-17,8.6,Auvergne-Rhône-Alpes
441,2022-03-18,11.97,Auvergne-Rhône-Alpes
442,2022-03-19,19.53,Auvergne-Rhône-Alpes
443,2022-03-20,5.97,Auvergne-Rhône-Alpes
444,2022-03-21,5.9,Auvergne-Rhône-Alpes
445,2022-03-22,6.2,Auvergne-Rhône-Alpes
446,2022-03-23,7.17,Auvergne-Rhône-Alpes
447,2022-03-24,10.87,Auvergne-Rhône-Alpes
448,2022-03-25,11.53,Auvergne-Rhône-Alpes
449,2022-03-26,15.4,Auvergne-Rhône-Alpes
450,2022-03-27,14.93,Auvergne-Rhône-Alpes
451,2022-03-28,6.89,Auvergne-Rhône-Alpes
452,2022-03-29,5.13,Auvergne-Rhône-Alpes
453,2022-03-30,4.17,Auvergne-Rhône-Alpes
454,2022-03-31,8.44,Auvergne-Rhône-Alpes
455,2022-04-01,2.4,Auvergne-Rhône-Alpes
456,2022-04-02,5.2,Auvergne-Rhône-Alpes
457,2022-04-03,5.7,Auvergne-Rhône-Alpes
458,2022-04-04,6.3,Auvergne-Rhône-Alpes
459,2022-04-05,3.93,Auvergne-Rhône-Alpes
460,2022-04-06,2.33,Auvergne-Rhône-Alpes
461,2022-04-07,1.5,Auvergne-Rhône-Alpes
462,2022-04-08,1.0,Auvergne-Rhône-Alpes
463,2022-04-09,1.2,Auvergne-Rhône-Alpes
464,2022-04-10,2.6,Auvergne-Rhône-Alpes
465,2022-04-11,1.3,Auvergne-Rhône-Alpes
466,2022-04-12,1.17,Auvergne-Rhône-Alpes
467,2022-04-13,2.37,Auvergne-Rhône-Alpes
468,2022-04-14,2.7,Auvergne-Rhône-Alpes
469,2022-04-15,2.2,Auvergne-Rhône-Alpes
470,2022-04-16,2.2,Auvergne-Rhône-Alpes
471,2022-04-17,1.9,Auvergne-Rhône-Alpes
472,2022-04-18,1.63,Auvergne-Rhône-Alpes
473,2022-04-19,1.73,Auvergne-Rhône-Alpes
474,2022-04-20,2.4,Auvergne-Rhône-Alpes
475,2022-04-21,2.5,Auvergne-Rhône-Alpes
476,2022-04-22,3.5,Auvergne-Rhône-Alpes
477,2022-04-23,1.12,Auvergne-Rhône-Alpes
478,2022-04-24,0.73,Auvergne-Rhône-Alpes
479,2022-04-25,5.32,Auvergne-Rhône-Alpes
480,2022-04-26,4.5,Auvergne-Rhône-Alpes
481,2022-04-27,3.75,Auvergne-Rhône-Alpes
482,2022-04-28,3.0,Auvergne-Rhône-Alpes
483,2022-04-29,3.53,Auvergne-Rhône-Alpes
484,2022-04-30,4.2,Auvergne-Rhône-Alpes
485,2022-05-01,3.8,Auvergne-Rhône-Alpes
486,2022-05-02,3.2,Auvergne-Rhône-Alpes
487,2022-05-03,3.33,Auvergne-Rhône-Alpes
488,2022-05-04,2.7,Auvergne-Rhône-Alpes
489,2022-05-05,4.53,Auvergne-Rhône-Alpes
490,2022-05-06,3.67,Auvergne-Rhône-Alpes
491,2022-05-07,2.5,Auvergne-Rhône-Alpes
492,2022-05-08,3.13,Auvergne-Rhône-Alpes
493,2022-05-09,4.09,Auvergne-Rhône-Alpes
494,2022-05-10,4.09,Auvergne-Rhône-Alpes
495,2022-05-11,2.23,Auvergne-Rhône-Alpes
496,2022-05-12,2.73,Auvergne-Rhône-Alpes
497,2022-05-13,4.37,Auvergne-Rhône-Alpes
498,2022-05-14,2.47,Auvergne-Rhône-Alpes
499,2022-05-15,3.7,Auvergne-Rhône-Alpes
500,2022-05-16,2.37,Auvergne-Rhône-Alpes
501,2022-05-17,3.32,Auvergne-Rhône-Alpes
502,2022-05-18,2.78,Auvergne-Rhône-Alpes
503,2022-05-19,3.08,Auvergne-Rhône-Alpes
504,2022-05-20,2.33,Auvergne-Rhône-Alpes
505,2022-05-21,4.83,Auvergne-Rhône-Alpes
506,2022-05-22,3.8,Auvergne-Rhône-Alpes
507,2022-05-23,3.07,Auvergne-Rhône-Alpes
508,2022-05-24,0.73,Auvergne-Rhône-Alpes
509,2022-05-25,0.9,Auvergne-Rhône-Alpes
510,2022-05-26,1.1,Auvergne-Rhône-Alpes
511,2022-05-27,1.17,Auvergne-Rhône-Alpes
512,2022-05-28,1.33,Auvergne-Rhône-Alpes
513,2022-05-29,1.27,Auvergne-Rhône-Alpes
514,2022-05-30,1.37,Auvergne-Rhône-Alpes
515,2022-05-31,2.57,Auvergne-Rhône-Alpes
516,2022-06-01,7.33,Auvergne-Rhône-Alpes
517,2022-06-02,3.53,Auvergne-Rhône-Alpes
518,2022-06-03,3.7,Auvergne-Rhône-Alpes
519,2022-06-04,2.8,Auvergne-Rhône-Alpes
520,2022-06-05,1.9,Auvergne-Rhône-Alpes
521,2022-06-06,2.57,Auvergne-Rhône-Alpes
522,2022-06-07,1.4,Auvergne-Rhône-Alpes
523,2022-06-08,1.73,Auvergne-Rhône-Alpes
524,2022-06-09,1.5,Auvergne-Rhône-Alpes
525,2022-06-10,1.53,Auvergne-Rhône-Alpes
526,2022-06-11,1.7,Auvergne-Rhône-Alpes
527,2022-06-12,1.8,Auvergne-Rhône-Alpes
528,2022-06-13,1.5,Auvergne-Rhône-Alpes
529,2022-06-14,1.5,Auvergne-Rhône-Alpes
530,2022-06-15,2.8,Auvergne-Rhône-Alpes
531,2022-06-16,3.29,Auvergne-Rhône-Alpes
532,2022-06-17,2.02,Auvergne-Rhône-Alpes
533,2022-06-18,3.58,Auvergne-Rhône-Alpes
534,2022-06-19,3.69,Auvergne-Rhône-Alpes
535,2022-06-20,2.0,Auvergne-Rhône-Alpes
536,2022-06-21,3.6,Auvergne-Rhône-Alpes
537,2022-06-22,3.76,Auvergne-Rhône-Alpes
538,2022-06-23,2.9,Auvergne-Rhône-Alpes
539,2022-06-24,1.67,Auvergne-Rhône-Alpes
540,2022-06-25,1.3,Auvergne-Rhône-Alpes
541,2022-06-26,1.17,Auvergne-Rhône-Alpes
542,2022-06-27,0.7,Auvergne-Rhône-Alpes
543,2022-06-28,1.12,Auvergne-Rhône-Alpes
544,2022-06-29,1.2,Auvergne-Rhône-Alpes
545,2022-06-30,1.4,Auvergne-Rhône-Alpes
546,2022-07-01,0.63,Auvergne-Rhône-Alpes
547,2022-07-02,0.9,Auvergne-Rhône-Alpes
548,2022-07-03,1.4,Auvergne-Rhône-Alpes
549,2022-07-04,1.1,Auvergne-Rhône-Alpes
550,2022-07-05,0.97,Auvergne-Rhône-Alpes
551,2022-07-06,1.0,Auvergne-Rhône-Alpes
552,2022-07-07,1.03,Auvergne-Rhône-Alpes
553,2022-07-08,1.12,Auvergne-Rhône-Alpes
554,2022-07-09,1.67,Auvergne-Rhône-Alpes
555,2022-07-10,1.5,Auvergne-Rhône-Alpes
556,2022-07-11,1.09,Auvergne-Rhône-Alpes
557,2022-07-12,1.17,Auvergne-Rhône-Alpes
558,2022-07-13,1.5,Auvergne-Rhône-Alpes
559,2022-07-14,2.45,Auvergne-Rhône-Alpes
560,2022-07-15,2.1,Auvergne-Rhône-Alpes
561,2022-07-16,1.5,Auvergne-Rhône-Alpes
562,2022-07-17,1.8,Auvergne-Rhône-Alpes
563,2022-07-18,2.44,Auvergne-Rhône-Alpes
564,2022-07-19,4.07,Auvergne-Rhône-Alpes
565,2022-07-20,7.47,Auvergne-Rhône-Alpes
566,2022-07-21,3.78,Auvergne-Rhône-Alpes
567,2022-07-22,5.05,Auvergne-Rhône-Alpes
568,2022-07-23,5.43,Auvergne-Rhône-Alpes
569,2022-07-24,5.55,Auvergne-Rhône-Alpes
570,2022-07-25,4.63,Auvergne-Rhône-Alpes
571,2022-07-26,1.2,Auvergne-Rhône-Alpes
572,2022-07-27,1.0,Auvergne-Rhône-Alpes
573,2022-07-28,1.5,Auvergne-Rhône-Alpes
574,2022-07-29,1.8,Auvergne-Rhône-Alpes
575,2022-07-30,1.4,Auvergne-Rhône-Alpes
576,2022-07-31,1.5,Auvergne-Rhône-Alpes
577,2022-08-01,1.35,Auvergne-Rhône-Alpes
578,2022-08-02,1.14,Auvergne-Rhône-Alpes
579,2022-08-03,1.5,Auvergne-Rhône-Alpes
580,2022-08-04,1.5,Auvergne-Rhône-Alpes
581,2022-08-05,2.33,Auvergne-Rhône-Alpes
582,2022-08-06,2.23,Auvergne-Rhône-Alpes
583,2022-08-07,1.6,Auvergne-Rhône-Alpes
584,2022-08-08,1.47,Auvergne-Rhône-Alpes
585,2022-08-09,1.48,Auvergne-Rhône-Alpes
586,2022-08-10,1.53,Auvergne-Rhône-Alpes
587,2022-08-11,2.7,Auvergne-Rhône-Alpes
588,2022-08-12,2.29,Auvergne-Rhône-Alpes
589,2022-08-13,1.57,Auvergne-Rhône-Alpes
590,2022-08-14,2.06,Auvergne-Rhône-Alpes
591,2022-08-15,3.13,Auvergne-Rhône-Alpes
592,2022-08-16,3.8,Auvergne-Rhône-Alpes
593,2022-08-17,3.67,Auvergne-Rhône-Alpes
594,2022-08-18,2.67,Auvergne-Rhône-Alpes
595,2022-08-19,2.6,Auvergne-Rhône-Alpes
596,2022-08-20,0.7,Auvergne-Rhône-Alpes
597,2022-08-21,1.3,Auvergne-Rhône-Alpes
598,2022-08-22,1.0,Auvergne-Rhône-Alpes
599,2022-08-23,0.9,Auvergne-Rhône-Alpes
600,2022-08-24,1.4,Auvergne-Rhône-Alpes
601,2022-08-25,2.47,Auvergne-Rhône-Alpes
602,2022-08-26,2.0,Auvergne-Rhône-Alpes
603,2022-08-27,3.13,Auvergne-Rhône-Alpes
604,2022-08-28,4.05,Auvergne-Rhône-Alpes
605,2022-08-29,4.4,Auvergne-Rhône-Alpes
606,2022-08-30,2.93,Auvergne-Rhône-Alpes
607,2022-08-31,3.03,Auvergne-Rhône-Alpes
608,2022-09-01,2.06,Auvergne-Rhône-Alpes
609,2022-09-02,3.1,Auvergne-Rhône-Alpes
610,2022-09-03,4.59,Auvergne-Rhône-Alpes
611,2022-09-04,2.4,Auvergne-Rhône-Alpes
612,2022-09-05,2.37,Auvergne-Rhône-Alpes
613,2022-09-06,2.0,Auvergne-Rhône-Alpes
614,2022-09-07,2.23,Auvergne-Rhône-Alpes
615,2022-09-08,1.0,Auvergne-Rhône-Alpes
616,2022-09-09,1.0,Auvergne-Rhône-Alpes
617,2022-09-10,1.07,Auvergne-Rhône-Alpes
618,2022-09-11,1.1,Auvergne-Rhône-Alpes
619,2022-09-12,1.3,Auvergne-Rhône-Alpes
620,2022-09-13,2.29,Auvergne-Rhône-Alpes
621,2022-09-14,1.7,Auvergne-Rhône-Alpes
622,2022-09-15,1.72,Auvergne-Rhône-Alpes
623,2022-09-16,2.2,Auvergne-Rhône-Alpes
624,2022-09-17,0.97,Auvergne-Rhône-Alpes
625,2022-09-18,0.9,Auvergne-Rhône-Alpes
626,2022-09-19,0.8,Auvergne-Rhône-Alpes
627,2022-09-20,1.0,Auvergne-Rhône-Alpes
628,2022-09-21,1.3,Auvergne-Rhône-Alpes
629,2022-09-22,2.87,Auvergne-Rhône-Alpes
630,2022-09-23,2.8,Auvergne-Rhône-Alpes
631,2022-09-24,3.1,Auvergne-Rhône-Alpes
632,2022-09-25,1.6,Auvergne-Rhône-Alpes
633,2022-09-26,1.47,Auvergne-Rhône-Alpes
634,2022-09-27,1.3,Auvergne-Rhône-Alpes
635,2022-09-28,1.1,Auvergne-Rhône-Alpes
636,2022-09-29,1.27,Auvergne-Rhône-Alpes
637,2022-09-30,1.73,Auvergne-Rhône-Alpes
638,2022-10-01,2.4,Auvergne-Rhône-Alpes
639,2022-10-02,1.9,Auvergne-Rhône-Alpes
640,2022-10-03,1.12,Auvergne-Rhône-Alpes
641,2022-10-04,4.37,Auvergne-Rhône-Alpes
642,2022-10-05,2.17,Auvergne-Rhône-Alpes
643,2022-10-06,2.29,Auvergne-Rhône-Alpes
644,2022-10-07,2.2,Auvergne-Rhône-Alpes
645,2022-10-08,3.05,Auvergne-Rhône-Alpes
646,2022-10-09,2.83,Auvergne-Rhône-Alpes
647,2022-10-10,4.53,Auvergne-Rhône-Alpes
648,2022-10-11,5.17,Auvergne-Rhône-Alpes
649,2022-10-12,10.02,Auvergne-Rhône-Alpes
650,2022-10-13,12.8,Auvergne-Rhône-Alpes
651,2022-10-14,4.3,Auvergne-Rhône-Alpes
652,2022-10-15,1.69,Auvergne-Rhône-Alpes
653,2022-10-16,2.37,Auvergne-Rhône-Alpes
654,2022-10-17,1.9,Auvergne-Rhône-Alpes
655,2022-10-18,2.5,Auvergne-Rhône-Alpes
656,2022-10-19,4.332191011235955,Auvergne-Rhône-Alpes
657,2022-10-20,4.332191011235955,Auvergne-Rhône-Alpes
658,2022-10-21,3.07,Auvergne-Rhône-Alpes
659,2022-10-22,2.6,Auvergne-Rhône-Alpes
660,2022-10-23,4.23,Auvergne-Rhône-Alpes
661,2022-10-24,4.29,Auvergne-Rhône-Alpes
662,2022-10-25,3.05,Auvergne-Rhône-Alpes
663,2022-10-26,4.22,Auvergne-Rhône-Alpes
664,2022-10-27,5.5,Auvergne-Rhône-Alpes
665,2022-10-28,4.33,Auvergne-Rhône-Alpes
666,2022-10-29,5.2,Auvergne-Rhône-Alpes
667,2022-10-30,3.43,Auvergne-Rhône-Alpes
668,2022-10-31,4.2,Auvergne-Rhône-Alpes
669,2022-11-01,2.29,Auvergne-Rhône-Alpes
670,2022-11-02,3.23,Auvergne-Rhône-Alpes
671,2022-11-03,1.93,Auvergne-Rhône-Alpes
672,2022-11-04,1.4,Auvergne-Rhône-Alpes
673,2022-11-05,1.95,Auvergne-Rhône-Alpes
674,2022-11-06,5.12,Auvergne-Rhône-Alpes
675,2022-11-07,6.63,Auvergne-Rhône-Alpes
676,2022-11-08,1.1,Auvergne-Rhône-Alpes
677,2022-11-09,2.17,Auvergne-Rhône-Alpes
678,2022-11-10,2.13,Auvergne-Rhône-Alpes
679,2022-11-11,8.52,Auvergne-Rhône-Alpes
680,2022-11-12,13.4,Auvergne-Rhône-Alpes
681,2022-11-13,13.27,Auvergne-Rhône-Alpes
682,2022-11-14,3.42,Auvergne-Rhône-Alpes
683,2022-11-15,2.9,Auvergne-Rhône-Alpes
684,2022-11-16,1.73,Auvergne-Rhône-Alpes
685,2022-11-17,1.4,Auvergne-Rhône-Alpes
686,2022-11-18,1.12,Auvergne-Rhône-Alpes
687,2022-11-19,1.7,Auvergne-Rhône-Alpes
688,2022-11-20,3.0,Auvergne-Rhône-Alpes
689,2022-11-21,3.53,Auvergne-Rhône-Alpes
690,2022-11-22,3.45,Auvergne-Rhône-Alpes
691,2022-11-23,4.4,Auvergne-Rhône-Alpes
692,2022-11-24,5.92,Auvergne-Rhône-Alpes
693,2022-11-25,6.03,Auvergne-Rhône-Alpes
694,2022-11-26,4.0,Auvergne-Rhône-Alpes
695,2022-11-27,6.09,Auvergne-Rhône-Alpes
696,2022-11-28,3.15,Auvergne-Rhône-Alpes
697,2022-11-29,1.7,Auvergne-Rhône-Alpes
698,2022-11-30,6.83,Auvergne-Rhône-Alpes
699,2022-12-01,6.27,Auvergne-Rhône-Alpes
700,2022-12-02,10.77,Auvergne-Rhône-Alpes
701,2022-12-03,10.43,Auvergne-Rhône-Alpes
702,2022-12-04,10.87,Auvergne-Rhône-Alpes
703,2022-12-05,7.6,Auvergne-Rhône-Alpes
704,2022-12-06,10.97,Auvergne-Rhône-Alpes
705,2022-12-07,8.19,Auvergne-Rhône-Alpes
706,2022-12-08,11.03,Auvergne-Rhône-Alpes
707,2022-12-09,10.47,Auvergne-Rhône-Alpes
708,2022-12-10,8.59,Auvergne-Rhône-Alpes
709,2022-12-11,9.1,Auvergne-Rhône-Alpes
710,2022-12-12,13.37,Auvergne-Rhône-Alpes
711,2022-12-13,14.3,Auvergne-Rhône-Alpes
712,2022-12-14,6.9,Auvergne-Rhône-Alpes
713,2022-12-15,5.43,Auvergne-Rhône-Alpes
714,2022-12-16,11.47,Auvergne-Rhône-Alpes
715,2022-12-17,9.59,Auvergne-Rhône-Alpes
716,2022-12-18,13.0,Auvergne-Rhône-Alpes
717,2022-12-19,1.25,Auvergne-Rhône-Alpes
718,2022-12-20,1.2,Auvergne-Rhône-Alpes
719,2022-12-21,1.5,Auvergne-Rhône-Alpes
720,2022-12-22,2.87,Auvergne-Rhône-Alpes
721,2022-12-23,3.1,Auvergne-Rhône-Alpes
722,2022-12-24,5.33,Auvergne-Rhône-Alpes
723,2022-12-25,6.3,Auvergne-Rhône-Alpes
724,2022-12-26,6.6,Auvergne-Rhône-Alpes
725,2022-12-27,3.4,Auvergne-Rhône-Alpes
726,2022-12-28,4.57,Auvergne-Rhône-Alpes
727,2022-12-29,2.93,Auvergne-Rhône-Alpes
728,2022-12-30,7.13,Auvergne-Rhône-Alpes
729,2022-12-31,2.23,Auvergne-Rhône-Alpes
730,2023-01-01,2.2,Auvergne-Rhône-Alpes
731,2023-01-02,2.13,Auvergne-Rhône-Alpes
732,2023-01-03,2.13,Auvergne-Rhône-Alpes
733,2023-01-04,8.36,Auvergne-Rhône-Alpes
734,2023-01-05,12.57,Auvergne-Rhône-Alpes
735,2023-01-06,4.2,Auvergne-Rhône-Alpes
736,2023-01-07,2.29,Auvergne-Rhône-Alpes
737,2023-01-08,2.1,Auvergne-Rhône-Alpes
738,2023-01-09,1.1,Auvergne-Rhône-Alpes
739,2023-01-10,2.2,Auvergne-Rhône-Alpes
740,2023-01-11,4.03,Auvergne-Rhône-Alpes
741,2023-01-12,7.3,Auvergne-Rhône-Alpes
742,2023-01-13,4.09,Auvergne-Rhône-Alpes
743,2023-01-14,3.3,Auvergne-Rhône-Alpes
744,2023-01-15,1.63,Auvergne-Rhône-Alpes
745,2023-01-16,1.43,Auvergne-Rhône-Alpes
746,2023-01-17,1.3,Auvergne-Rhône-Alpes
747,2023-01-18,3.12,Auvergne-Rhône-Alpes
748,2023-01-19,6.97,Auvergne-Rhône-Alpes
749,2023-01-20,6.0,Auvergne-Rhône-Alpes
750,2023-01-21,4.7,Auvergne-Rhône-Alpes
751,2023-01-22,5.97,Auvergne-Rhône-Alpes
752,2023-01-23,6.33,Auvergne-Rhône-Alpes
753,2023-01-24,8.8,Auvergne-Rhône-Alpes
754,2023-01-25,10.3,Auvergne-Rhône-Alpes
755,2023-01-26,6.03,Auvergne-Rhône-Alpes
756,2023-01-27,5.7,Auvergne-Rhône-Alpes
757,2023-01-28,5.57,Auvergne-Rhône-Alpes
758,2023-01-29,6.1,Auvergne-Rhône-Alpes
759,2023-01-30,6.4,Auvergne-Rhône-Alpes
760,2023-01-31,3.77,Auvergne-Rhône-Alpes
761,2023-02-01,3.27,Auvergne-Rhône-Alpes
762,2023-02-02,3.09,Auvergne-Rhône-Alpes
763,2023-02-03,1.7,Auvergne-Rhône-Alpes
764,2023-02-04,2.4,Auvergne-Rhône-Alpes
765,2023-02-05,3.2,Auvergne-Rhône-Alpes
766,2023-02-06,4.0,Auvergne-Rhône-Alpes
767,2023-02-07,5.17,Auvergne-Rhône-Alpes
768,2023-02-08,11.43,Auvergne-Rhône-Alpes
769,2023-02-09,12.2,Auvergne-Rhône-Alpes
770,2023-02-10,16.93,Auvergne-Rhône-Alpes
771,2023-02-11,23.53,Auvergne-Rhône-Alpes
772,2023-02-12,24.69,Auvergne-Rhône-Alpes
773,2023-02-13,22.97,Auvergne-Rhône-Alpes
774,2023-02-14,16.6,Auvergne-Rhône-Alpes
775,2023-02-15,14.87,Auvergne-Rhône-Alpes
776,2023-02-16,14.17,Auvergne-Rhône-Alpes
777,2023-02-17,10.77,Auvergne-Rhône-Alpes
778,2023-02-18,8.66,Auvergne-Rhône-Alpes
779,2023-02-19,3.25,Auvergne-Rhône-Alpes
780,2023-02-20,2.8,Auvergne-Rhône-Alpes
781,2023-02-21,9.63,Auvergne-Rhône-Alpes
782,2023-02-22,13.6,Auvergne-Rhône-Alpes
783,2023-02-23,15.3,Auvergne-Rhône-Alpes
784,2023-02-24,10.8,Auvergne-Rhône-Alpes
785,2023-02-25,1.83,Auvergne-Rhône-Alpes
786,2023-02-26,1.5,Auvergne-Rhône-Alpes
787,2023-02-27,2.47,Auvergne-Rhône-Alpes
788,2023-02-28,4.07,Auvergne-Rhône-Alpes
789,2023-03-01,13.2,Auvergne-Rhône-Alpes
790,2023-03-02,17.82,Auvergne-Rhône-Alpes
791,2023-03-03,18.32,Auvergne-Rhône-Alpes
792,2023-03-04,20.02,Auvergne-Rhône-Alpes
793,2023-03-05,13.23,Auvergne-Rhône-Alpes
794,2023-03-06,9.65,Auvergne-Rhône-Alpes
795,2023-03-07,10.77,Auvergne-Rhône-Alpes
796,2023-03-08,5.39,Auvergne-Rhône-Alpes
797,2023-03-09,3.0,Auvergne-Rhône-Alpes
798,2023-03-10,1.73,Auvergne-Rhône-Alpes
799,2023-03-11,2.13,Auvergne-Rhône-Alpes
800,2023-03-12,4.33,Auvergne-Rhône-Alpes
801,2023-03-13,2.09,Auvergne-Rhône-Alpes
802,2023-03-14,1.0,Auvergne-Rhône-Alpes
803,2023-03-15,1.3,Auvergne-Rhône-Alpes
804,2023-03-16,1.43,Auvergne-Rhône-Alpes
805,2023-03-17,1.07,Auvergne-Rhône-Alpes
806,2023-03-18,2.17,Auvergne-Rhône-Alpes
807,2023-03-19,2.2,Auvergne-Rhône-Alpes
808,2023-03-20,1.63,Auvergne-Rhône-Alpes
809,2023-03-21,4.67,Auvergne-Rhône-Alpes
810,2023-03-22,3.0,Auvergne-Rhône-Alpes
811,2023-03-23,2.4,Auvergne-Rhône-Alpes
812,2023-03-24,1.6,Auvergne-Rhône-Alpes
813,2023-03-25,1.6,Auvergne-Rhône-Alpes
814,2023-03-26,1.03,Auvergne-Rhône-Alpes
815,2023-03-27,1.72,Auvergne-Rhône-Alpes
816,2023-03-28,2.31,Auvergne-Rhône-Alpes
817,2023-03-29,1.63,Auvergne-Rhône-Alpes
818,2023-03-30,1.87,Auvergne-Rhône-Alpes
819,2023-03-31,1.7,Auvergne-Rhône-Alpes
820,2023-04-01,1.23,Auvergne-Rhône-Alpes
821,2023-04-02,1.4,Auvergne-Rhône-Alpes
822,2023-04-03,2.43,Auvergne-Rhône-Alpes
823,2023-04-04,2.02,Auvergne-Rhône-Alpes
824,2023-04-05,3.33,Auvergne-Rhône-Alpes
825,2023-04-06,4.67,Auvergne-Rhône-Alpes
826,2023-04-07,1.47,Auvergne-Rhône-Alpes
827,2023-04-08,1.97,Auvergne-Rhône-Alpes
828,2023-04-09,3.3,Auvergne-Rhône-Alpes
829,2023-04-10,2.5,Auvergne-Rhône-Alpes
830,2023-04-11,1.67,Auvergne-Rhône-Alpes
831,2023-04-12,2.47,Auvergne-Rhône-Alpes
832,2023-04-13,1.2,Auvergne-Rhône-Alpes
833,2023-04-14,0.77,Auvergne-Rhône-Alpes
834,2023-04-15,0.8,Auvergne-Rhône-Alpes
835,2023-04-16,5.2,Auvergne-Rhône-Alpes
836,2023-04-17,5.8,Auvergne-Rhône-Alpes
837,2023-04-18,3.73,Auvergne-Rhône-Alpes
838,2023-04-19,3.5,Auvergne-Rhône-Alpes
839,2023-04-20,4.9,Auvergne-Rhône-Alpes
840,2023-04-21,2.23,Auvergne-Rhône-Alpes
841,2023-04-22,1.25,Auvergne-Rhône-Alpes
842,2023-04-23,2.6,Auvergne-Rhône-Alpes
843,2023-04-24,1.57,Auvergne-Rhône-Alpes
844,2023-04-25,1.9,Auvergne-Rhône-Alpes
845,2023-04-26,2.23,Auvergne-Rhône-Alpes
846,2023-04-27,2.0,Auvergne-Rhône-Alpes
847,2023-04-28,1.53,Auvergne-Rhône-Alpes
848,2023-04-29,2.7,Auvergne-Rhône-Alpes
849,2023-04-30,5.2,Auvergne-Rhône-Alpes
850,2023-05-01,2.63,Auvergne-Rhône-Alpes
851,2023-05-02,2.6,Auvergne-Rhône-Alpes
852,2023-05-03,3.97,Auvergne-Rhône-Alpes
853,2023-05-04,1.23,Auvergne-Rhône-Alpes
854,2023-05-05,1.53,Auvergne-Rhône-Alpes
855,2023-05-06,2.13,Auvergne-Rhône-Alpes
856,2023-05-07,1.4,Auvergne-Rhône-Alpes
857,2023-05-08,1.33,Auvergne-Rhône-Alpes
858,2023-05-09,1.8,Auvergne-Rhône-Alpes
859,2023-05-10,1.1,Auvergne-Rhône-Alpes
860,2023-05-11,0.8,Auvergne-Rhône-Alpes
861,2023-05-12,1.45,Auvergne-Rhône-Alpes
862,2023-05-13,3.01,Auvergne-Rhône-Alpes
863,2023-05-14,2.73,Auvergne-Rhône-Alpes
864,2023-05-15,7.23,Auvergne-Rhône-Alpes
865,2023-05-16,5.33,Auvergne-Rhône-Alpes
866,2023-05-17,1.63,Auvergne-Rhône-Alpes
867,2023-05-18,2.97,Auvergne-Rhône-Alpes
868,2023-05-19,2.43,Auvergne-Rhône-Alpes
869,2023-05-20,3.13,Auvergne-Rhône-Alpes
870,2023-05-21,6.77,Auvergne-Rhône-Alpes
871,2023-05-22,6.73,Auvergne-Rhône-Alpes
872,2023-05-23,14.75,Auvergne-Rhône-Alpes
873,2023-05-24,4.03,Auvergne-Rhône-Alpes
874,2023-05-25,3.2,Auvergne-Rhône-Alpes
875,2023-05-26,4.55,Auvergne-Rhône-Alpes
876,2023-05-27,4.83,Auvergne-Rhône-Alpes
877,2023-05-28,4.76,Auvergne-Rhône-Alpes
878,2023-05-29,3.83,Auvergne-Rhône-Alpes
879,2023-05-30,3.67,Auvergne-Rhône-Alpes
880,2023-05-31,3.03,Auvergne-Rhône-Alpes
881,2023-06-01,3.33,Auvergne-Rhône-Alpes
882,2023-06-02,3.63,Auvergne-Rhône-Alpes
883,2023-06-03,6.23,Auvergne-Rhône-Alpes
884,2023-06-04,3.0,Auvergne-Rhône-Alpes
885,2023-06-05,4.3,Auvergne-Rhône-Alpes
886,2023-06-06,4.76,Auvergne-Rhône-Alpes
887,2023-06-07,5.3,Auvergne-Rhône-Alpes
888,2023-06-08,3.27,Auvergne-Rhône-Alpes
889,2023-06-09,3.27,Auvergne-Rhône-Alpes
890,2023-06-10,2.7,Auvergne-Rhône-Alpes
891,2023-06-11,2.29,Auvergne-Rhône-Alpes
892,2023-06-12,3.4,Auvergne-Rhône-Alpes
893,2023-06-13,2.85,Auvergne-Rhône-Alpes
894,2023-06-14,3.13,Auvergne-Rhône-Alpes
895,2023-06-15,4.13,Auvergne-Rhône-Alpes
896,2023-06-16,4.3,Auvergne-Rhône-Alpes
897,2023-06-17,5.07,Auvergne-Rhône-Alpes
898,2023-06-18,4.9,Auvergne-Rhône-Alpes
899,2023-06-19,3.37,Auvergne-Rhône-Alpes
900,2023-06-20,4.07,Auvergne-Rhône-Alpes
901,2023-06-21,4.5,Auvergne-Rhône-Alpes
902,2023-06-22,4.59,Auvergne-Rhône-Alpes
903,2023-06-23,2.87,Auvergne-Rhône-Alpes
904,2023-06-24,2.77,Auvergne-Rhône-Alpes
905,2023-06-25,4.5,Auvergne-Rhône-Alpes
906,2023-06-26,4.65,Auvergne-Rhône-Alpes
907,2023-06-27,1.87,Auvergne-Rhône-Alpes
908,2023-06-28,1.73,Auvergne-Rhône-Alpes
909,2023-06-29,5.8,Auvergne-Rhône-Alpes
910,2023-06-30,4.26,Auvergne-Rhône-Alpes
911,2023-07-01,2.04,Auvergne-Rhône-Alpes
912,2023-07-02,7.5,Auvergne-Rhône-Alpes
913,2023-07-03,3.53,Auvergne-Rhône-Alpes
914,2023-07-04,1.3,Auvergne-Rhône-Alpes
915,2023-07-05,1.77,Auvergne-Rhône-Alpes
916,2023-07-06,1.93,Auvergne-Rhône-Alpes
917,2023-07-07,3.2,Auvergne-Rhône-Alpes
918,2023-07-08,3.1,Auvergne-Rhône-Alpes
919,2023-07-09,3.88,Auvergne-Rhône-Alpes
920,2023-07-10,4.07,Auvergne-Rhône-Alpes
921,2023-07-11,5.35,Auvergne-Rhône-Alpes
922,2023-07-12,2.94,Auvergne-Rhône-Alpes
923,2023-07-13,1.2,Auvergne-Rhône-Alpes
924,2023-07-14,1.67,Auvergne-Rhône-Alpes
925,2023-07-15,2.79,Auvergne-Rhône-Alpes
926,2023-07-16,1.63,Auvergne-Rhône-Alpes
927,2023-07-17,3.0,Auvergne-Rhône-Alpes
928,2023-07-18,4.25,Auvergne-Rhône-Alpes
929,2023-07-19,3.1,Auvergne-Rhône-Alpes
930,2023-07-20,1.3,Auvergne-Rhône-Alpes
931,2023-07-21,1.9,Auvergne-Rhône-Alpes
932,2023-07-22,1.9,Auvergne-Rhône-Alpes
933,2023-07-23,3.96,Auvergne-Rhône-Alpes
934,2023-07-24,4.9,Auvergne-Rhône-Alpes
935,2023-07-25,0.9,Auvergne-Rhône-Alpes
936,2023-07-26,1.2,Auvergne-Rhône-Alpes
937,2023-07-27,1.6,Auvergne-Rhône-Alpes
938,2023-07-28,2.5,Auvergne-Rhône-Alpes
939,2023-07-29,2.77,Auvergne-Rhône-Alpes
940,2023-07-30,1.4,Auvergne-Rhône-Alpes
941,2023-07-31,2.2,Auvergne-Rhône-Alpes
942,2023-08-01,1.67,Auvergne-Rhône-Alpes
943,2023-08-02,1.6,Auvergne-Rhône-Alpes
944,2023-08-03,0.77,Auvergne-Rhône-Alpes
945,2023-08-04,1.03,Auvergne-Rhône-Alpes
946,2023-08-05,1.23,Auvergne-Rhône-Alpes
947,2023-08-06,1.0,Auvergne-Rhône-Alpes
948,2023-08-07,0.8,Auvergne-Rhône-Alpes
949,2023-08-08,1.1,Auvergne-Rhône-Alpes
950,2023-08-09,1.43,Auvergne-Rhône-Alpes
951,2023-08-10,1.5,Auvergne-Rhône-Alpes
952,2023-08-11,2.33,Auvergne-Rhône-Alpes
953,2023-08-12,2.45,Auvergne-Rhône-Alpes
954,2023-08-13,2.0,Auvergne-Rhône-Alpes
955,2023-08-14,2.92,Auvergne-Rhône-Alpes
956,2023-08-15,1.88,Auvergne-Rhône-Alpes
957,2023-08-16,2.29,Auvergne-Rhône-Alpes
958,2023-08-17,2.45,Auvergne-Rhône-Alpes
959,2023-08-18,2.54,Auvergne-Rhône-Alpes
960,2023-08-19,2.6,Auvergne-Rhône-Alpes
961,2023-08-20,3.8,Auvergne-Rhône-Alpes
962,2023-08-21,4.18,Auvergne-Rhône-Alpes
963,2023-08-22,4.03,Auvergne-Rhône-Alpes
964,2023-08-23,2.78,Auvergne-Rhône-Alpes
965,2023-08-24,3.65,Auvergne-Rhône-Alpes
966,2023-08-25,3.9,Auvergne-Rhône-Alpes
967,2023-08-26,2.1,Auvergne-Rhône-Alpes
968,2023-08-27,1.1,Auvergne-Rhône-Alpes
969,2023-08-28,0.8,Auvergne-Rhône-Alpes
970,2023-08-29,1.07,Auvergne-Rhône-Alpes
971,2023-08-30,1.5,Auvergne-Rhône-Alpes
972,2023-08-31,1.53,Auvergne-Rhône-Alpes
973,2023-09-01,1.9,Auvergne-Rhône-Alpes
974,2023-09-02,1.9,Auvergne-Rhône-Alpes
975,2023-09-03,2.97,Auvergne-Rhône-Alpes
976,2023-09-04,2.65,Auvergne-Rhône-Alpes
977,2023-09-05,2.9,Auvergne-Rhône-Alpes
978,2023-09-06,2.95,Auvergne-Rhône-Alpes
979,2023-09-07,2.83,Auvergne-Rhône-Alpes
980,2023-09-08,3.3,Auvergne-Rhône-Alpes
981,2023-09-09,3.95,Auvergne-Rhône-Alpes
982,2023-09-10,4.9,Auvergne-Rhône-Alpes
983,2023-09-11,3.74,Auvergne-Rhône-Alpes
984,2023-09-12,2.5,Auvergne-Rhône-Alpes
985,2023-09-13,2.4,Auvergne-Rhône-Alpes
986,2023-09-14,2.0,Auvergne-Rhône-Alpes
987,2023-09-15,2.23,Auvergne-Rhône-Alpes
988,2023-09-16,2.2,Auvergne-Rhône-Alpes
989,2023-09-17,3.58,Auvergne-Rhône-Alpes
990,2023-09-18,2.13,Auvergne-Rhône-Alpes
991,2023-09-19,1.17,Auvergne-Rhône-Alpes
992,2023-09-20,1.7,Auvergne-Rhône-Alpes
993,2023-09-21,1.1,Auvergne-Rhône-Alpes
994,2023-09-22,1.0,Auvergne-Rhône-Alpes
995,2023-09-23,1.0,Auvergne-Rhône-Alpes
996,2023-09-24,1.52,Auvergne-Rhône-Alpes
997,2023-09-25,2.13,Auvergne-Rhône-Alpes
998,2023-09-26,3.43,Auvergne-Rhône-Alpes
999,2023-09-27,3.8,Auvergne-Rhône-Alpes
1000,2023-09-28,4.13,Auvergne-Rhône-Alpes
1001,2023-09-29,4.76,Auvergne-Rhône-Alpes
1002,2023-09-30,5.63,Auvergne-Rhône-Alpes
1003,2023-10-01,7.27,Auvergne-Rhône-Alpes
1004,2023-10-02,4.47,Auvergne-Rhône-Alpes
1005,2023-10-03,2.87,Auvergne-Rhône-Alpes
1006,2023-10-04,1.9,Auvergne-Rhône-Alpes
1007,2023-10-05,1.97,Auvergne-Rhône-Alpes
1008,2023-10-06,2.87,Auvergne-Rhône-Alpes
1009,2023-10-07,4.01,Auvergne-Rhône-Alpes
1010,2023-10-08,4.22,Auvergne-Rhône-Alpes
1011,2023-10-09,6.03,Auvergne-Rhône-Alpes
1012,2023-10-10,5.5,Auvergne-Rhône-Alpes
1013,2023-10-11,5.9,Auvergne-Rhône-Alpes
1014,2023-10-12,6.42,Auvergne-Rhône-Alpes
1015,2023-10-13,5.3,Auvergne-Rhône-Alpes
1016,2023-10-14,1.53,Auvergne-Rhône-Alpes
1017,2023-10-15,1.1,Auvergne-Rhône-Alpes
1018,2023-10-16,1.5,Auvergne-Rhône-Alpes
1019,2023-10-17,2.47,Auvergne-Rhône-Alpes
1020,2023-10-18,2.47,Auvergne-Rhône-Alpes
1021,2023-10-19,0.99,Auvergne-Rhône-Alpes
1022,2023-10-20,0.56,Auvergne-Rhône-Alpes
1023,2023-10-21,0.6,Auvergne-Rhône-Alpes
1024,2023-10-22,1.0,Auvergne-Rhône-Alpes
1025,2023-10-23,2.27,Auvergne-Rhône-Alpes
1026,2023-10-24,1.93,Auvergne-Rhône-Alpes
1027,2023-10-25,1.1,Auvergne-Rhône-Alpes
1028,2023-10-26,1.6,Auvergne-Rhône-Alpes
1029,2023-10-27,0.9,Auvergne-Rhône-Alpes
1030,2023-10-28,1.0,Auvergne-Rhône-Alpes
1031,2023-10-29,1.2,Auvergne-Rhône-Alpes
1032,2023-10-30,1.5,Auvergne-Rhône-Alpes
1033,2023-10-31,1.6,Auvergne-Rhône-Alpes
1034,2023-11-01,1.57,Auvergne-Rhône-Alpes
1035,2023-11-02,0.93,Auvergne-Rhône-Alpes
1036,2023-11-03,0.95,Auvergne-Rhône-Alpes
1037,2023-11-04,0.97,Auvergne-Rhône-Alpes
1038,2023-11-05,0.7,Auvergne-Rhône-Alpes
1039,2023-11-06,1.12,Auvergne-Rhône-Alpes
1040,2023-11-07,1.6,Auvergne-Rhône-Alpes
1041,2023-11-08,2.1,Auvergne-Rhône-Alpes
1042,2023-11-09,1.1,Auvergne-Rhône-Alpes
1043,2023-11-10,1.1,Auvergne-Rhône-Alpes
1044,2023-11-11,2.17,Auvergne-Rhône-Alpes
1045,2023-11-12,2.25,Auvergne-Rhône-Alpes
1046,2023-11-13,2.5,Auvergne-Rhône-Alpes
1047,2023-11-14,1.5,Auvergne-Rhône-Alpes
1048,2023-11-15,2.1,Auvergne-Rhône-Alpes
1049,2023-11-16,1.93,Auvergne-Rhône-Alpes
1050,2023-11-17,0.9,Auvergne-Rhône-Alpes
1051,2023-11-18,5.7,Auvergne-Rhône-Alpes
1052,2023-11-19,4.53,Auvergne-Rhône-Alpes
1053,2023-11-20,9.25,Auvergne-Rhône-Alpes
1054,2023-11-21,2.1,Auvergne-Rhône-Alpes
1055,2023-11-22,2.13,Auvergne-Rhône-Alpes
1056,2023-11-23,2.7,Auvergne-Rhône-Alpes
1057,2023-11-24,1.6,Auvergne-Rhône-Alpes
1058,2023-11-25,1.83,Auvergne-Rhône-Alpes
1059,2023-11-26,2.83,Auvergne-Rhône-Alpes
1060,2023-11-27,7.17,Auvergne-Rhône-Alpes
1061,2023-11-28,2.67,Auvergne-Rhône-Alpes
1062,2023-11-29,5.9,Auvergne-Rhône-Alpes
1063,2023-11-30,2.9,Auvergne-Rhône-Alpes
1064,2023-12-01,1.87,Auvergne-Rhône-Alpes
1065,2023-12-02,4.63,Auvergne-Rhône-Alpes
1066,2023-12-03,6.27,Auvergne-Rhône-Alpes
1067,2023-12-04,1.17,Auvergne-Rhône-Alpes
1068,2023-12-05,1.33,Auvergne-Rhône-Alpes
1069,2023-12-06,5.5,Auvergne-Rhône-Alpes
1070,2023-12-07,6.47,Auvergne-Rhône-Alpes
1071,2023-12-08,4.13,Auvergne-Rhône-Alpes
1072,2023-12-09,4.59,Auvergne-Rhône-Alpes
1073,2023-12-10,2.7,Auvergne-Rhône-Alpes
1074,2023-12-11,2.37,Auvergne-Rhône-Alpes
1075,2023-12-12,5.09,Auvergne-Rhône-Alpes
1076,2023-12-13,1.43,Auvergne-Rhône-Alpes
1077,2023-12-14,1.4,Auvergne-Rhône-Alpes
1078,2023-12-15,2.6,Auvergne-Rhône-Alpes
1079,2023-12-16,3.93,Auvergne-Rhône-Alpes
1080,2023-12-17,10.0,Auvergne-Rhône-Alpes
1081,2023-12-18,17.79,Auvergne-Rhône-Alpes
1082,2023-12-19,18.13,Auvergne-Rhône-Alpes
1083,2023-12-20,14.7,Auvergne-Rhône-Alpes
1084,2023-12-21,4.332191011235955,Auvergne-Rhône-Alpes
1085,2023-12-22,4.332191011235955,Auvergne-Rhône-Alpes
1086,2023-12-23,4.332191011235955,Auvergne-Rhône-Alpes
1087,2023-12-24,4.332191011235955,Auvergne-Rhône-Alpes
1088,2023-12-25,4.332191011235955,Auvergne-Rhône-Alpes
1089,2023-12-26,4.332191011235955,Auvergne-Rhône-Alpes
1090,2023-12-27,4.332191011235955,Auvergne-Rhône-Alpes
1091,2023-12-28,4.332191011235955,Auvergne-Rhône-Alpes
1092,2023-12-29,4.332191011235955,Auvergne-Rhône-Alpes
1093,2023-12-30,4.332191011235955,Auvergne-Rhône-Alpes
1094,2023-12-31,4.332191011235955,Auvergne-Rhône-Alpes
