,date,PM 2.5,Station
0,2021-01-01,13.0,Provence-Alpes-Côte d'Azur
1,2021-01-02,15.0,Provence-Alpes-Côte d'Azur
2,2021-01-03,15.0,Provence-Alpes-Côte d'Azur
3,2021-01-04,18.0,Provence-Alpes-Côte d'Azur
4,2021-01-05,33.0,Provence-Alpes-Côte d'Azur
5,2021-01-06,31.0,Provence-Alpes-Côte d'Azur
6,2021-01-07,15.0,Provence-Alpes-Côte d'Azur
7,2021-01-08,21.0,Provence-Alpes-Côte d'Azur
8,2021-01-09,31.0,Provence-Alpes-Côte d'Azur
9,2021-01-10,35.0,Provence-Alpes-Côte d'Azur
10,2021-01-11,30.0,Provence-Alpes-Côte d'Azur
11,2021-01-12,37.0,Provence-Alpes-Côte d'Azur
12,2021-01-13,39.0,Provence-Alpes-Côte d'Azur
13,2021-01-14,53.0,Provence-Alpes-Côte d'Azur
14,2021-01-15,44.0,Provence-Alpes-Côte d'Azur
15,2021-01-16,50.0,Provence-Alpes-Côte d'Azur
16,2021-01-17,33.0,Provence-Alpes-Côte d'Azur
17,2021-01-18,31.0,Provence-Alpes-Côte d'Azur
18,2021-01-19,31.0,Provence-Alpes-Côte d'Azur
19,2021-01-20,27.0,Provence-Alpes-Côte d'Azur
20,2021-01-21,20.0,Provence-Alpes-Côte d'Azur
21,2021-01-22,14.0,Provence-Alpes-Côte d'Azur
22,2021-01-23,14.0,Provence-Alpes-Côte d'Azur
23,2021-01-24,16.0,Provence-Alpes-Côte d'Azur
24,2021-01-25,10.0,Provence-Alpes-Côte d'Azur
25,2021-01-26,17.0,Provence-Alpes-Côte d'Azur
26,2021-01-27,25.0,Provence-Alpes-Côte d'Azur
27,2021-01-28,34.0,Provence-Alpes-Côte d'Azur
28,2021-01-29,26.0,Provence-Alpes-Côte d'Azur
29,2021-01-30,14.0,Provence-Alpes-Côte d'Azur
30,2021-01-31,19.0,Provence-Alpes-Côte d'Azur
31,2021-02-01,21.0,Provence-Alpes-Côte d'Azur
32,2021-02-02,27.0,Provence-Alpes-Côte d'Azur
33,2021-02-03,32.0,Provence-Alpes-Côte d'Azur
34,2021-02-04,48.0,Provence-Alpes-Côte d'Azur
35,2021-02-05,42.0,Provence-Alpes-Côte d'Azur
36,2021-02-06,46.0,Provence-Alpes-Côte d'Azur
37,2021-02-07,40.0,Provence-Alpes-Côte d'Azur
38,2021-02-08,11.0,Provence-Alpes-Côte d'Azur
39,2021-02-09,17.0,Provence-Alpes-Côte d'Azur
40,2021-02-10,22.0,Provence-Alpes-Côte d'Azur
41,2021-02-11,30.0,Provence-Alpes-Côte d'Azur
42,2021-02-12,35.0,Provence-Alpes-Côte d'Azur
43,2021-02-13,31.0,Provence-Alpes-Côte d'Azur
44,2021-02-14,21.0,Provence-Alpes-Côte d'Azur
45,2021-02-15,25.0,Provence-Alpes-Côte d'Azur
46,2021-02-16,25.0,Provence-Alpes-Côte d'Azur
47,2021-02-17,29.0,Provence-Alpes-Côte d'Azur
48,2021-02-18,34.0,Provence-Alpes-Côte d'Azur
49,2021-02-19,41.0,Provence-Alpes-Côte d'Azur
50,2021-02-20,44.0,Provence-Alpes-Côte d'Azur
51,2021-02-21,42.0,Provence-Alpes-Côte d'Azur
52,2021-02-22,48.0,Provence-Alpes-Côte d'Azur
53,2021-02-23,59.0,Provence-Alpes-Côte d'Azur
54,2021-02-24,86.0,Provence-Alpes-Côte d'Azur
55,2021-02-25,102.0,Provence-Alpes-Côte d'Azur
56,2021-02-26,69.0,Provence-Alpes-Côte d'Azur
57,2021-02-27,76.0,Provence-Alpes-Côte d'Azur
58,2021-02-28,58.0,Provence-Alpes-Côte d'Azur
59,2021-03-01,40.0,Provence-Alpes-Côte d'Azur
60,2021-03-02,45.0,Provence-Alpes-Côte d'Azur
61,2021-03-03,46.0,Provence-Alpes-Côte d'Azur
62,2021-03-04,53.0,Provence-Alpes-Côte d'Azur
63,2021-03-05,76.0,Provence-Alpes-Côte d'Azur
64,2021-03-06,65.0,Provence-Alpes-Côte d'Azur
65,2021-03-07,37.0,Provence-Alpes-Côte d'Azur
66,2021-03-08,43.0,Provence-Alpes-Côte d'Azur
67,2021-03-09,42.0,Provence-Alpes-Côte d'Azur
68,2021-03-10,38.0,Provence-Alpes-Côte d'Azur
69,2021-03-11,51.0,Provence-Alpes-Côte d'Azur
70,2021-03-12,33.0,Provence-Alpes-Côte d'Azur
71,2021-03-13,15.0,Provence-Alpes-Côte d'Azur
72,2021-03-14,9.0,Provence-Alpes-Côte d'Azur
73,2021-03-15,13.0,Provence-Alpes-Côte d'Azur
74,2021-03-16,22.0,Provence-Alpes-Côte d'Azur
75,2021-03-17,29.574744661095636,Provence-Alpes-Côte d'Azur
76,2021-03-18,29.574744661095636,Provence-Alpes-Côte d'Azur
77,2021-03-19,66.0,Provence-Alpes-Côte d'Azur
78,2021-03-20,30.0,Provence-Alpes-Côte d'Azur
79,2021-03-21,37.0,Provence-Alpes-Côte d'Azur
80,2021-03-22,29.0,Provence-Alpes-Côte d'Azur
81,2021-03-23,26.0,Provence-Alpes-Côte d'Azur
82,2021-03-24,41.0,Provence-Alpes-Côte d'Azur
83,2021-03-25,42.0,Provence-Alpes-Côte d'Azur
84,2021-03-26,50.0,Provence-Alpes-Côte d'Azur
85,2021-03-27,42.0,Provence-Alpes-Côte d'Azur
86,2021-03-28,38.0,Provence-Alpes-Côte d'Azur
87,2021-03-29,42.0,Provence-Alpes-Côte d'Azur
88,2021-03-30,45.0,Provence-Alpes-Côte d'Azur
89,2021-03-31,40.0,Provence-Alpes-Côte d'Azur
90,2021-04-01,31.0,Provence-Alpes-Côte d'Azur
91,2021-04-02,40.0,Provence-Alpes-Côte d'Azur
92,2021-04-03,39.0,Provence-Alpes-Côte d'Azur
93,2021-04-04,27.0,Provence-Alpes-Côte d'Azur
94,2021-04-05,30.0,Provence-Alpes-Côte d'Azur
95,2021-04-06,26.0,Provence-Alpes-Côte d'Azur
96,2021-04-07,19.0,Provence-Alpes-Côte d'Azur
97,2021-04-08,19.0,Provence-Alpes-Côte d'Azur
98,2021-04-09,24.0,Provence-Alpes-Côte d'Azur
99,2021-04-10,24.0,Provence-Alpes-Côte d'Azur
100,2021-04-11,14.0,Provence-Alpes-Côte d'Azur
101,2021-04-12,22.0,Provence-Alpes-Côte d'Azur
102,2021-04-13,14.0,Provence-Alpes-Côte d'Azur
103,2021-04-14,17.0,Provence-Alpes-Côte d'Azur
104,2021-04-15,24.0,Provence-Alpes-Côte d'Azur
105,2021-04-16,16.0,Provence-Alpes-Côte d'Azur
106,2021-04-17,22.0,Provence-Alpes-Côte d'Azur
107,2021-04-18,22.0,Provence-Alpes-Côte d'Azur
108,2021-04-19,29.0,Provence-Alpes-Côte d'Azur
109,2021-04-20,24.0,Provence-Alpes-Côte d'Azur
110,2021-04-21,29.0,Provence-Alpes-Côte d'Azur
111,2021-04-22,25.0,Provence-Alpes-Côte d'Azur
112,2021-04-23,30.0,Provence-Alpes-Côte d'Azur
113,2021-04-24,31.0,Provence-Alpes-Côte d'Azur
114,2021-04-25,30.0,Provence-Alpes-Côte d'Azur
115,2021-04-26,31.0,Provence-Alpes-Côte d'Azur
116,2021-04-27,22.0,Provence-Alpes-Côte d'Azur
117,2021-04-28,31.0,Provence-Alpes-Côte d'Azur
118,2021-04-29,36.0,Provence-Alpes-Côte d'Azur
119,2021-04-30,16.0,Provence-Alpes-Côte d'Azur
120,2021-05-01,17.0,Provence-Alpes-Côte d'Azur
121,2021-05-02,14.0,Provence-Alpes-Côte d'Azur
122,2021-05-03,26.0,Provence-Alpes-Côte d'Azur
123,2021-05-04,32.0,Provence-Alpes-Côte d'Azur
124,2021-05-05,27.0,Provence-Alpes-Côte d'Azur
125,2021-05-06,23.0,Provence-Alpes-Côte d'Azur
126,2021-05-07,20.0,Provence-Alpes-Côte d'Azur
127,2021-05-08,32.0,Provence-Alpes-Côte d'Azur
128,2021-05-09,25.0,Provence-Alpes-Côte d'Azur
129,2021-05-10,33.0,Provence-Alpes-Côte d'Azur
130,2021-05-11,20.0,Provence-Alpes-Côte d'Azur
131,2021-05-12,12.0,Provence-Alpes-Côte d'Azur
132,2021-05-13,22.0,Provence-Alpes-Côte d'Azur
133,2021-05-14,20.0,Provence-Alpes-Côte d'Azur
134,2021-05-15,13.0,Provence-Alpes-Côte d'Azur
135,2021-05-16,11.0,Provence-Alpes-Côte d'Azur
136,2021-05-17,7.0,Provence-Alpes-Côte d'Azur
137,2021-05-18,26.0,Provence-Alpes-Côte d'Azur
138,2021-05-19,12.0,Provence-Alpes-Côte d'Azur
139,2021-05-20,10.0,Provence-Alpes-Côte d'Azur
140,2021-05-21,18.0,Provence-Alpes-Côte d'Azur
141,2021-05-22,22.0,Provence-Alpes-Côte d'Azur
142,2021-05-23,19.0,Provence-Alpes-Côte d'Azur
143,2021-05-24,19.0,Provence-Alpes-Côte d'Azur
144,2021-05-25,21.0,Provence-Alpes-Côte d'Azur
145,2021-05-26,21.0,Provence-Alpes-Côte d'Azur
146,2021-05-27,37.0,Provence-Alpes-Côte d'Azur
147,2021-05-28,32.0,Provence-Alpes-Côte d'Azur
148,2021-05-29,39.0,Provence-Alpes-Côte d'Azur
149,2021-05-30,33.0,Provence-Alpes-Côte d'Azur
150,2021-05-31,20.0,Provence-Alpes-Côte d'Azur
151,2021-06-01,17.0,Provence-Alpes-Côte d'Azur
152,2021-06-02,33.0,Provence-Alpes-Côte d'Azur
153,2021-06-03,28.0,Provence-Alpes-Côte d'Azur
154,2021-06-04,29.0,Provence-Alpes-Côte d'Azur
155,2021-06-05,26.0,Provence-Alpes-Côte d'Azur
156,2021-06-06,37.0,Provence-Alpes-Côte d'Azur
157,2021-06-07,31.0,Provence-Alpes-Côte d'Azur
158,2021-06-08,18.0,Provence-Alpes-Côte d'Azur
159,2021-06-09,15.0,Provence-Alpes-Côte d'Azur
160,2021-06-10,18.0,Provence-Alpes-Côte d'Azur
161,2021-06-11,28.0,Provence-Alpes-Côte d'Azur
162,2021-06-12,21.0,Provence-Alpes-Côte d'Azur
163,2021-06-13,38.0,Provence-Alpes-Côte d'Azur
164,2021-06-14,38.0,Provence-Alpes-Côte d'Azur
165,2021-06-15,44.0,Provence-Alpes-Côte d'Azur
166,2021-06-16,37.0,Provence-Alpes-Côte d'Azur
167,2021-06-17,33.0,Provence-Alpes-Côte d'Azur
168,2021-06-18,37.0,Provence-Alpes-Côte d'Azur
169,2021-06-19,31.0,Provence-Alpes-Côte d'Azur
170,2021-06-20,38.0,Provence-Alpes-Côte d'Azur
171,2021-06-21,42.0,Provence-Alpes-Côte d'Azur
172,2021-06-22,30.0,Provence-Alpes-Côte d'Azur
173,2021-06-23,15.0,Provence-Alpes-Côte d'Azur
174,2021-06-24,22.0,Provence-Alpes-Côte d'Azur
175,2021-06-25,20.0,Provence-Alpes-Côte d'Azur
176,2021-06-26,19.0,Provence-Alpes-Côte d'Azur
177,2021-06-27,23.0,Provence-Alpes-Côte d'Azur
178,2021-06-28,30.0,Provence-Alpes-Côte d'Azur
179,2021-06-29,27.0,Provence-Alpes-Côte d'Azur
180,2021-06-30,12.0,Provence-Alpes-Côte d'Azur
181,2021-07-01,29.0,Provence-Alpes-Côte d'Azur
182,2021-07-02,30.0,Provence-Alpes-Côte d'Azur
183,2021-07-03,29.0,Provence-Alpes-Côte d'Azur
184,2021-07-04,27.0,Provence-Alpes-Côte d'Azur
185,2021-07-05,18.0,Provence-Alpes-Côte d'Azur
186,2021-07-06,18.0,Provence-Alpes-Côte d'Azur
187,2021-07-07,19.0,Provence-Alpes-Côte d'Azur
188,2021-07-08,22.0,Provence-Alpes-Côte d'Azur
189,2021-07-09,9.0,Provence-Alpes-Côte d'Azur
190,2021-07-10,17.0,Provence-Alpes-Côte d'Azur
191,2021-07-11,18.0,Provence-Alpes-Côte d'Azur
192,2021-07-12,26.0,Provence-Alpes-Côte d'Azur
193,2021-07-13,23.0,Provence-Alpes-Côte d'Azur
194,2021-07-14,10.0,Provence-Alpes-Côte d'Azur
195,2021-07-15,20.0,Provence-Alpes-Côte d'Azur
196,2021-07-16,16.0,Provence-Alpes-Côte d'Azur
197,2021-07-17,9.0,Provence-Alpes-Côte d'Azur
198,2021-07-18,23.0,Provence-Alpes-Côte d'Azur
199,2021-07-19,25.0,Provence-Alpes-Côte d'Azur
200,2021-07-20,26.0,Provence-Alpes-Côte d'Azur
201,2021-07-21,39.0,Provence-Alpes-Côte d'Azur
202,2021-07-22,42.0,Provence-Alpes-Côte d'Azur
203,2021-07-23,36.0,Provence-Alpes-Côte d'Azur
204,2021-07-24,38.0,Provence-Alpes-Côte d'Azur
205,2021-07-25,35.0,Provence-Alpes-Côte d'Azur
206,2021-07-26,46.0,Provence-Alpes-Côte d'Azur
207,2021-07-27,39.0,Provence-Alpes-Côte d'Azur
208,2021-07-28,30.0,Provence-Alpes-Côte d'Azur
209,2021-07-29,35.0,Provence-Alpes-Côte d'Azur
210,2021-07-30,40.0,Provence-Alpes-Côte d'Azur
211,2021-07-31,32.0,Provence-Alpes-Côte d'Azur
212,2021-08-01,22.0,Provence-Alpes-Côte d'Azur
213,2021-08-02,17.0,Provence-Alpes-Côte d'Azur
214,2021-08-03,19.0,Provence-Alpes-Côte d'Azur
215,2021-08-04,26.0,Provence-Alpes-Côte d'Azur
216,2021-08-05,20.0,Provence-Alpes-Côte d'Azur
217,2021-08-06,21.0,Provence-Alpes-Côte d'Azur
218,2021-08-07,22.0,Provence-Alpes-Côte d'Azur
219,2021-08-08,24.0,Provence-Alpes-Côte d'Azur
220,2021-08-09,16.0,Provence-Alpes-Côte d'Azur
221,2021-08-10,26.0,Provence-Alpes-Côte d'Azur
222,2021-08-11,30.0,Provence-Alpes-Côte d'Azur
223,2021-08-12,44.0,Provence-Alpes-Côte d'Azur
224,2021-08-13,49.0,Provence-Alpes-Côte d'Azur
225,2021-08-14,50.0,Provence-Alpes-Côte d'Azur
226,2021-08-15,49.0,Provence-Alpes-Côte d'Azur
227,2021-08-16,49.0,Provence-Alpes-Côte d'Azur
228,2021-08-17,39.0,Provence-Alpes-Côte d'Azur
229,2021-08-18,32.0,Provence-Alpes-Côte d'Azur
230,2021-08-19,32.0,Provence-Alpes-Côte d'Azur
231,2021-08-20,27.0,Provence-Alpes-Côte d'Azur
232,2021-08-21,25.0,Provence-Alpes-Côte d'Azur
233,2021-08-22,39.0,Provence-Alpes-Côte d'Azur
234,2021-08-23,44.0,Provence-Alpes-Côte d'Azur
235,2021-08-24,21.0,Provence-Alpes-Côte d'Azur
236,2021-08-25,14.0,Provence-Alpes-Côte d'Azur
237,2021-08-26,18.0,Provence-Alpes-Côte d'Azur
238,2021-08-27,32.0,Provence-Alpes-Côte d'Azur
239,2021-08-28,28.0,Provence-Alpes-Côte d'Azur
240,2021-08-29,17.0,Provence-Alpes-Côte d'Azur
241,2021-08-30,18.0,Provence-Alpes-Côte d'Azur
242,2021-08-31,19.0,Provence-Alpes-Côte d'Azur
243,2021-09-01,22.0,Provence-Alpes-Côte d'Azur
244,2021-09-02,24.0,Provence-Alpes-Côte d'Azur
245,2021-09-03,29.0,Provence-Alpes-Côte d'Azur
246,2021-09-04,31.0,Provence-Alpes-Côte d'Azur
247,2021-09-05,27.0,Provence-Alpes-Côte d'Azur
248,2021-09-06,29.0,Provence-Alpes-Côte d'Azur
249,2021-09-07,37.0,Provence-Alpes-Côte d'Azur
250,2021-09-08,44.0,Provence-Alpes-Côte d'Azur
251,2021-09-09,47.0,Provence-Alpes-Côte d'Azur
252,2021-09-10,50.0,Provence-Alpes-Côte d'Azur
253,2021-09-11,45.0,Provence-Alpes-Côte d'Azur
254,2021-09-12,44.0,Provence-Alpes-Côte d'Azur
255,2021-09-13,38.0,Provence-Alpes-Côte d'Azur
256,2021-09-14,29.0,Provence-Alpes-Côte d'Azur
257,2021-09-15,36.0,Provence-Alpes-Côte d'Azur
258,2021-09-16,28.0,Provence-Alpes-Côte d'Azur
259,2021-09-17,20.0,Provence-Alpes-Côte d'Azur
260,2021-09-18,20.0,Provence-Alpes-Côte d'Azur
261,2021-09-19,17.0,Provence-Alpes-Côte d'Azur
262,2021-09-20,9.0,Provence-Alpes-Côte d'Azur
263,2021-09-21,9.0,Provence-Alpes-Côte d'Azur
264,2021-09-22,18.0,Provence-Alpes-Côte d'Azur
265,2021-09-23,28.0,Provence-Alpes-Côte d'Azur
266,2021-09-24,27.0,Provence-Alpes-Côte d'Azur
267,2021-09-25,28.0,Provence-Alpes-Côte d'Azur
268,2021-09-26,33.0,Provence-Alpes-Côte d'Azur
269,2021-09-27,48.0,Provence-Alpes-Côte d'Azur
270,2021-09-28,47.0,Provence-Alpes-Côte d'Azur
271,2021-09-29,42.0,Provence-Alpes-Côte d'Azur
272,2021-09-30,31.0,Provence-Alpes-Côte d'Azur
273,2021-10-01,29.0,Provence-Alpes-Côte d'Azur
274,2021-10-02,32.0,Provence-Alpes-Côte d'Azur
275,2021-10-03,35.0,Provence-Alpes-Côte d'Azur
276,2021-10-04,29.0,Provence-Alpes-Côte d'Azur
277,2021-10-05,29.574744661095636,Provence-Alpes-Côte d'Azur
278,2021-10-06,29.574744661095636,Provence-Alpes-Côte d'Azur
279,2021-10-07,28.0,Provence-Alpes-Côte d'Azur
280,2021-10-08,15.0,Provence-Alpes-Côte d'Azur
281,2021-10-09,22.0,Provence-Alpes-Côte d'Azur
282,2021-10-10,33.0,Provence-Alpes-Côte d'Azur
283,2021-10-11,36.0,Provence-Alpes-Côte d'Azur
284,2021-10-12,37.0,Provence-Alpes-Côte d'Azur
285,2021-10-13,30.0,Provence-Alpes-Côte d'Azur
286,2021-10-14,23.0,Provence-Alpes-Côte d'Azur
287,2021-10-15,24.0,Provence-Alpes-Côte d'Azur
288,2021-10-16,28.0,Provence-Alpes-Côte d'Azur
289,2021-10-17,30.0,Provence-Alpes-Côte d'Azur
290,2021-10-18,36.0,Provence-Alpes-Côte d'Azur
291,2021-10-19,33.0,Provence-Alpes-Côte d'Azur
292,2021-10-20,34.0,Provence-Alpes-Côte d'Azur
293,2021-10-21,31.0,Provence-Alpes-Côte d'Azur
294,2021-10-22,23.0,Provence-Alpes-Côte d'Azur
295,2021-10-23,31.0,Provence-Alpes-Côte d'Azur
296,2021-10-24,32.0,Provence-Alpes-Côte d'Azur
297,2021-10-25,28.0,Provence-Alpes-Côte d'Azur
298,2021-10-26,39.0,Provence-Alpes-Côte d'Azur
299,2021-10-27,37.0,Provence-Alpes-Côte d'Azur
300,2021-10-28,35.0,Provence-Alpes-Côte d'Azur
301,2021-10-29,48.0,Provence-Alpes-Côte d'Azur
302,2021-10-30,39.0,Provence-Alpes-Côte d'Azur
303,2021-10-31,21.0,Provence-Alpes-Côte d'Azur
304,2021-11-01,17.0,Provence-Alpes-Côte d'Azur
305,2021-11-02,18.0,Provence-Alpes-Côte d'Azur
306,2021-11-03,23.0,Provence-Alpes-Côte d'Azur
307,2021-11-04,22.0,Provence-Alpes-Côte d'Azur
308,2021-11-05,16.0,Provence-Alpes-Côte d'Azur
309,2021-11-06,22.0,Provence-Alpes-Côte d'Azur
310,2021-11-07,24.0,Provence-Alpes-Côte d'Azur
311,2021-11-08,38.0,Provence-Alpes-Côte d'Azur
312,2021-11-09,21.0,Provence-Alpes-Côte d'Azur
313,2021-11-10,23.0,Provence-Alpes-Côte d'Azur
314,2021-11-11,17.0,Provence-Alpes-Côte d'Azur
315,2021-11-12,35.0,Provence-Alpes-Côte d'Azur
316,2021-11-13,37.0,Provence-Alpes-Côte d'Azur
317,2021-11-14,27.0,Provence-Alpes-Côte d'Azur
318,2021-11-15,26.0,Provence-Alpes-Côte d'Azur
319,2021-11-16,24.0,Provence-Alpes-Côte d'Azur
320,2021-11-17,40.0,Provence-Alpes-Côte d'Azur
321,2021-11-18,27.0,Provence-Alpes-Côte d'Azur
322,2021-11-19,28.0,Provence-Alpes-Côte d'Azur
323,2021-11-20,29.0,Provence-Alpes-Côte d'Azur
324,2021-11-21,40.0,Provence-Alpes-Côte d'Azur
325,2021-11-22,38.0,Provence-Alpes-Côte d'Azur
326,2021-11-23,30.0,Provence-Alpes-Côte d'Azur
327,2021-11-24,20.0,Provence-Alpes-Côte d'Azur
328,2021-11-25,16.0,Provence-Alpes-Côte d'Azur
329,2021-11-26,20.0,Provence-Alpes-Côte d'Azur
330,2021-11-27,21.0,Provence-Alpes-Côte d'Azur
331,2021-11-28,18.0,Provence-Alpes-Côte d'Azur
332,2021-11-29,19.0,Provence-Alpes-Côte d'Azur
333,2021-11-30,34.0,Provence-Alpes-Côte d'Azur
334,2021-12-01,16.0,Provence-Alpes-Côte d'Azur
335,2021-12-02,39.0,Provence-Alpes-Côte d'Azur
336,2021-12-03,21.0,Provence-Alpes-Côte d'Azur
337,2021-12-04,14.0,Provence-Alpes-Côte d'Azur
338,2021-12-05,20.0,Provence-Alpes-Côte d'Azur
339,2021-12-06,20.0,Provence-Alpes-Côte d'Azur
340,2021-12-07,38.0,Provence-Alpes-Côte d'Azur
341,2021-12-08,29.0,Provence-Alpes-Côte d'Azur
342,2021-12-09,19.0,Provence-Alpes-Côte d'Azur
343,2021-12-10,9.0,Provence-Alpes-Côte d'Azur
344,2021-12-11,27.0,Provence-Alpes-Côte d'Azur
345,2021-12-12,26.0,Provence-Alpes-Côte d'Azur
346,2021-12-13,24.0,Provence-Alpes-Côte d'Azur
347,2021-12-14,32.0,Provence-Alpes-Côte d'Azur
348,2021-12-15,35.0,Provence-Alpes-Côte d'Azur
349,2021-12-16,28.0,Provence-Alpes-Côte d'Azur
350,2021-12-17,32.0,Provence-Alpes-Côte d'Azur
351,2021-12-18,28.0,Provence-Alpes-Côte d'Azur
352,2021-12-19,26.0,Provence-Alpes-Côte d'Azur
353,2021-12-20,31.0,Provence-Alpes-Côte d'Azur
354,2021-12-21,43.0,Provence-Alpes-Côte d'Azur
355,2021-12-22,49.0,Provence-Alpes-Côte d'Azur
356,2021-12-23,34.0,Provence-Alpes-Côte d'Azur
357,2021-12-24,31.0,Provence-Alpes-Côte d'Azur
358,2021-12-25,21.0,Provence-Alpes-Côte d'Azur
359,2021-12-26,20.0,Provence-Alpes-Côte d'Azur
360,2021-12-27,23.0,Provence-Alpes-Côte d'Azur
361,2021-12-28,29.0,Provence-Alpes-Côte d'Azur
362,2021-12-29,37.0,Provence-Alpes-Côte d'Azur
363,2021-12-30,43.0,Provence-Alpes-Côte d'Azur
364,2021-12-31,48.0,Provence-Alpes-Côte d'Azur
365,2022-01-01,45.0,Provence-Alpes-Côte d'Azur
366,2022-01-02,43.0,Provence-Alpes-Côte d'Azur
367,2022-01-03,42.0,Provence-Alpes-Côte d'Azur
368,2022-01-04,61.0,Provence-Alpes-Côte d'Azur
369,2022-01-05,31.0,Provence-Alpes-Côte d'Azur
370,2022-01-06,23.0,Provence-Alpes-Côte d'Azur
371,2022-01-07,19.0,Provence-Alpes-Côte d'Azur
372,2022-01-08,28.0,Provence-Alpes-Côte d'Azur
373,2022-01-09,18.0,Provence-Alpes-Côte d'Azur
374,2022-01-10,23.0,Provence-Alpes-Côte d'Azur
375,2022-01-11,22.0,Provence-Alpes-Côte d'Azur
376,2022-01-12,27.0,Provence-Alpes-Côte d'Azur
377,2022-01-13,29.0,Provence-Alpes-Côte d'Azur
378,2022-01-14,40.0,Provence-Alpes-Côte d'Azur
379,2022-01-15,31.0,Provence-Alpes-Côte d'Azur
380,2022-01-16,43.0,Provence-Alpes-Côte d'Azur
381,2022-01-17,42.0,Provence-Alpes-Côte d'Azur
382,2022-01-18,32.0,Provence-Alpes-Côte d'Azur
383,2022-01-19,52.0,Provence-Alpes-Côte d'Azur
384,2022-01-20,56.0,Provence-Alpes-Côte d'Azur
385,2022-01-21,40.0,Provence-Alpes-Côte d'Azur
386,2022-01-22,32.0,Provence-Alpes-Côte d'Azur
387,2022-01-23,34.0,Provence-Alpes-Côte d'Azur
388,2022-01-24,38.0,Provence-Alpes-Côte d'Azur
389,2022-01-25,53.0,Provence-Alpes-Côte d'Azur
390,2022-01-26,53.0,Provence-Alpes-Côte d'Azur
391,2022-01-27,44.0,Provence-Alpes-Côte d'Azur
392,2022-01-28,47.0,Provence-Alpes-Côte d'Azur
393,2022-01-29,36.0,Provence-Alpes-Côte d'Azur
394,2022-01-30,35.0,Provence-Alpes-Côte d'Azur
395,2022-01-31,45.0,Provence-Alpes-Côte d'Azur
396,2022-02-01,25.0,Provence-Alpes-Côte d'Azur
397,2022-02-02,27.0,Provence-Alpes-Côte d'Azur
398,2022-02-03,28.0,Provence-Alpes-Côte d'Azur
399,2022-02-04,41.0,Provence-Alpes-Côte d'Azur
400,2022-02-05,44.0,Provence-Alpes-Côte d'Azur
401,2022-02-06,34.0,Provence-Alpes-Côte d'Azur
402,2022-02-07,33.0,Provence-Alpes-Côte d'Azur
403,2022-02-08,30.0,Provence-Alpes-Côte d'Azur
404,2022-02-09,32.0,Provence-Alpes-Côte d'Azur
405,2022-02-10,42.0,Provence-Alpes-Côte d'Azur
406,2022-02-11,49.0,Provence-Alpes-Côte d'Azur
407,2022-02-12,54.0,Provence-Alpes-Côte d'Azur
408,2022-02-13,44.0,Provence-Alpes-Côte d'Azur
409,2022-02-14,39.0,Provence-Alpes-Côte d'Azur
410,2022-02-15,33.0,Provence-Alpes-Côte d'Azur
411,2022-02-16,24.0,Provence-Alpes-Côte d'Azur
412,2022-02-17,28.0,Provence-Alpes-Côte d'Azur
413,2022-02-18,31.0,Provence-Alpes-Côte d'Azur
414,2022-02-19,46.0,Provence-Alpes-Côte d'Azur
415,2022-02-20,34.0,Provence-Alpes-Côte d'Azur
416,2022-02-21,28.0,Provence-Alpes-Côte d'Azur
417,2022-02-22,16.0,Provence-Alpes-Côte d'Azur
418,2022-02-23,30.0,Provence-Alpes-Côte d'Azur
419,2022-02-24,31.0,Provence-Alpes-Côte d'Azur
420,2022-02-25,41.0,Provence-Alpes-Côte d'Azur
421,2022-02-26,27.0,Provence-Alpes-Côte d'Azur
422,2022-02-27,25.0,Provence-Alpes-Côte d'Azur
423,2022-02-28,26.0,Provence-Alpes-Côte d'Azur
424,2022-03-01,53.0,Provence-Alpes-Côte d'Azur
425,2022-03-02,49.0,Provence-Alpes-Côte d'Azur
426,2022-03-03,53.0,Provence-Alpes-Côte d'Azur
427,2022-03-04,35.0,Provence-Alpes-Côte d'Azur
428,2022-03-05,50.0,Provence-Alpes-Côte d'Azur
429,2022-03-06,62.0,Provence-Alpes-Côte d'Azur
430,2022-03-07,58.0,Provence-Alpes-Côte d'Azur
431,2022-03-08,66.0,Provence-Alpes-Côte d'Azur
432,2022-03-09,77.0,Provence-Alpes-Côte d'Azur
433,2022-03-10,51.0,Provence-Alpes-Côte d'Azur
434,2022-03-11,67.0,Provence-Alpes-Côte d'Azur
435,2022-03-12,58.0,Provence-Alpes-Côte d'Azur
436,2022-03-13,47.0,Provence-Alpes-Côte d'Azur
437,2022-03-14,19.0,Provence-Alpes-Côte d'Azur
438,2022-03-15,36.0,Provence-Alpes-Côte d'Azur
439,2022-03-16,40.0,Provence-Alpes-Côte d'Azur
440,2022-03-17,53.0,Provence-Alpes-Côte d'Azur
441,2022-03-18,60.0,Provence-Alpes-Côte d'Azur
442,2022-03-19,51.0,Provence-Alpes-Côte d'Azur
443,2022-03-20,54.0,Provence-Alpes-Côte d'Azur
444,2022-03-21,53.0,Provence-Alpes-Côte d'Azur
445,2022-03-22,53.0,Provence-Alpes-Côte d'Azur
446,2022-03-23,57.0,Provence-Alpes-Côte d'Azur
447,2022-03-24,43.0,Provence-Alpes-Côte d'Azur
448,2022-03-25,54.0,Provence-Alpes-Côte d'Azur
449,2022-03-26,55.0,Provence-Alpes-Côte d'Azur
450,2022-03-27,55.0,Provence-Alpes-Côte d'Azur
451,2022-03-28,53.0,Provence-Alpes-Côte d'Azur
452,2022-03-29,61.0,Provence-Alpes-Côte d'Azur
453,2022-03-30,62.0,Provence-Alpes-Côte d'Azur
454,2022-03-31,31.0,Provence-Alpes-Côte d'Azur
455,2022-04-01,22.0,Provence-Alpes-Côte d'Azur
456,2022-04-02,9.0,Provence-Alpes-Côte d'Azur
457,2022-04-03,20.0,Provence-Alpes-Côte d'Azur
458,2022-04-04,15.0,Provence-Alpes-Côte d'Azur
459,2022-04-05,23.0,Provence-Alpes-Côte d'Azur
460,2022-04-06,25.0,Provence-Alpes-Côte d'Azur
461,2022-04-07,24.0,Provence-Alpes-Côte d'Azur
462,2022-04-08,19.0,Provence-Alpes-Côte d'Azur
463,2022-04-09,13.0,Provence-Alpes-Côte d'Azur
464,2022-04-10,18.0,Provence-Alpes-Côte d'Azur
465,2022-04-11,12.0,Provence-Alpes-Côte d'Azur
466,2022-04-12,19.0,Provence-Alpes-Côte d'Azur
467,2022-04-13,25.0,Provence-Alpes-Côte d'Azur
468,2022-04-14,33.0,Provence-Alpes-Côte d'Azur
469,2022-04-15,32.0,Provence-Alpes-Côte d'Azur
470,2022-04-16,38.0,Provence-Alpes-Côte d'Azur
471,2022-04-17,17.0,Provence-Alpes-Côte d'Azur
472,2022-04-18,14.0,Provence-Alpes-Côte d'Azur
473,2022-04-19,22.0,Provence-Alpes-Côte d'Azur
474,2022-04-20,31.0,Provence-Alpes-Côte d'Azur
475,2022-04-21,26.0,Provence-Alpes-Côte d'Azur
476,2022-04-22,19.0,Provence-Alpes-Côte d'Azur
477,2022-04-23,25.0,Provence-Alpes-Côte d'Azur
478,2022-04-24,14.0,Provence-Alpes-Côte d'Azur
479,2022-04-25,17.0,Provence-Alpes-Côte d'Azur
480,2022-04-26,27.0,Provence-Alpes-Côte d'Azur
481,2022-04-27,20.0,Provence-Alpes-Côte d'Azur
482,2022-04-28,24.0,Provence-Alpes-Côte d'Azur
483,2022-04-29,23.0,Provence-Alpes-Côte d'Azur
484,2022-04-30,29.0,Provence-Alpes-Côte d'Azur
485,2022-05-01,27.0,Provence-Alpes-Côte d'Azur
486,2022-05-02,27.0,Provence-Alpes-Côte d'Azur
487,2022-05-03,31.0,Provence-Alpes-Côte d'Azur
488,2022-05-04,24.0,Provence-Alpes-Côte d'Azur
489,2022-05-05,29.0,Provence-Alpes-Côte d'Azur
490,2022-05-06,15.0,Provence-Alpes-Côte d'Azur
491,2022-05-07,16.0,Provence-Alpes-Côte d'Azur
492,2022-05-08,12.0,Provence-Alpes-Côte d'Azur
493,2022-05-09,19.0,Provence-Alpes-Côte d'Azur
494,2022-05-10,22.0,Provence-Alpes-Côte d'Azur
495,2022-05-11,35.0,Provence-Alpes-Côte d'Azur
496,2022-05-12,29.574744661095636,Provence-Alpes-Côte d'Azur
497,2022-05-13,22.0,Provence-Alpes-Côte d'Azur
498,2022-05-14,36.0,Provence-Alpes-Côte d'Azur
499,2022-05-15,32.0,Provence-Alpes-Côte d'Azur
500,2022-05-16,37.0,Provence-Alpes-Côte d'Azur
501,2022-05-17,33.0,Provence-Alpes-Côte d'Azur
502,2022-05-18,38.0,Provence-Alpes-Côte d'Azur
503,2022-05-19,32.0,Provence-Alpes-Côte d'Azur
504,2022-05-20,23.0,Provence-Alpes-Côte d'Azur
505,2022-05-21,23.0,Provence-Alpes-Côte d'Azur
506,2022-05-22,27.0,Provence-Alpes-Côte d'Azur
507,2022-05-23,26.0,Provence-Alpes-Côte d'Azur
508,2022-05-24,28.0,Provence-Alpes-Côte d'Azur
509,2022-05-25,79.0,Provence-Alpes-Côte d'Azur
510,2022-05-26,17.0,Provence-Alpes-Côte d'Azur
511,2022-05-27,26.0,Provence-Alpes-Côte d'Azur
512,2022-05-28,32.0,Provence-Alpes-Côte d'Azur
513,2022-05-29,27.0,Provence-Alpes-Côte d'Azur
514,2022-05-30,9.0,Provence-Alpes-Côte d'Azur
515,2022-05-31,10.0,Provence-Alpes-Côte d'Azur
516,2022-06-01,20.0,Provence-Alpes-Côte d'Azur
517,2022-06-02,29.574744661095636,Provence-Alpes-Côte d'Azur
518,2022-06-03,27.0,Provence-Alpes-Côte d'Azur
519,2022-06-04,34.0,Provence-Alpes-Côte d'Azur
520,2022-06-05,45.0,Provence-Alpes-Côte d'Azur
521,2022-06-06,42.0,Provence-Alpes-Côte d'Azur
522,2022-06-07,32.0,Provence-Alpes-Côte d'Azur
523,2022-06-08,14.0,Provence-Alpes-Côte d'Azur
524,2022-06-09,12.0,Provence-Alpes-Côte d'Azur
525,2022-06-10,4.0,Provence-Alpes-Côte d'Azur
526,2022-06-11,4.0,Provence-Alpes-Côte d'Azur
527,2022-06-12,6.0,Provence-Alpes-Côte d'Azur
528,2022-06-13,9.0,Provence-Alpes-Côte d'Azur
529,2022-06-14,21.0,Provence-Alpes-Côte d'Azur
530,2022-06-15,28.0,Provence-Alpes-Côte d'Azur
531,2022-06-16,25.0,Provence-Alpes-Côte d'Azur
532,2022-06-17,16.0,Provence-Alpes-Côte d'Azur
533,2022-06-18,28.0,Provence-Alpes-Côte d'Azur
534,2022-06-19,34.0,Provence-Alpes-Côte d'Azur
535,2022-06-20,14.0,Provence-Alpes-Côte d'Azur
536,2022-06-21,18.0,Provence-Alpes-Côte d'Azur
537,2022-06-22,34.0,Provence-Alpes-Côte d'Azur
538,2022-06-23,50.0,Provence-Alpes-Côte d'Azur
539,2022-06-24,14.0,Provence-Alpes-Côte d'Azur
540,2022-06-25,11.0,Provence-Alpes-Côte d'Azur
541,2022-06-26,20.0,Provence-Alpes-Côte d'Azur
542,2022-06-27,45.0,Provence-Alpes-Côte d'Azur
543,2022-06-28,52.0,Provence-Alpes-Côte d'Azur
544,2022-06-29,14.0,Provence-Alpes-Côte d'Azur
545,2022-06-30,13.0,Provence-Alpes-Côte d'Azur
546,2022-07-01,11.0,Provence-Alpes-Côte d'Azur
547,2022-07-02,15.0,Provence-Alpes-Côte d'Azur
548,2022-07-03,16.0,Provence-Alpes-Côte d'Azur
549,2022-07-04,17.0,Provence-Alpes-Côte d'Azur
550,2022-07-05,18.0,Provence-Alpes-Côte d'Azur
551,2022-07-06,24.0,Provence-Alpes-Côte d'Azur
552,2022-07-07,23.0,Provence-Alpes-Côte d'Azur
553,2022-07-08,20.0,Provence-Alpes-Côte d'Azur
554,2022-07-09,11.0,Provence-Alpes-Côte d'Azur
555,2022-07-10,17.0,Provence-Alpes-Côte d'Azur
556,2022-07-11,5.0,Provence-Alpes-Côte d'Azur
557,2022-07-12,7.0,Provence-Alpes-Côte d'Azur
558,2022-07-13,15.0,Provence-Alpes-Côte d'Azur
559,2022-07-14,27.0,Provence-Alpes-Côte d'Azur
560,2022-07-15,18.0,Provence-Alpes-Côte d'Azur
561,2022-07-16,17.0,Provence-Alpes-Côte d'Azur
562,2022-07-17,17.0,Provence-Alpes-Côte d'Azur
563,2022-07-18,32.0,Provence-Alpes-Côte d'Azur
564,2022-07-19,34.0,Provence-Alpes-Côte d'Azur
565,2022-07-20,38.0,Provence-Alpes-Côte d'Azur
566,2022-07-21,33.0,Provence-Alpes-Côte d'Azur
567,2022-07-22,28.0,Provence-Alpes-Côte d'Azur
568,2022-07-23,26.0,Provence-Alpes-Côte d'Azur
569,2022-07-24,22.0,Provence-Alpes-Côte d'Azur
570,2022-07-25,26.0,Provence-Alpes-Côte d'Azur
571,2022-07-26,14.0,Provence-Alpes-Côte d'Azur
572,2022-07-27,16.0,Provence-Alpes-Côte d'Azur
573,2022-07-28,9.0,Provence-Alpes-Côte d'Azur
574,2022-07-29,15.0,Provence-Alpes-Côte d'Azur
575,2022-07-30,6.0,Provence-Alpes-Côte d'Azur
576,2022-07-31,11.0,Provence-Alpes-Côte d'Azur
577,2022-08-01,6.0,Provence-Alpes-Côte d'Azur
578,2022-08-02,9.0,Provence-Alpes-Côte d'Azur
579,2022-08-03,16.0,Provence-Alpes-Côte d'Azur
580,2022-08-04,18.0,Provence-Alpes-Côte d'Azur
581,2022-08-05,14.0,Provence-Alpes-Côte d'Azur
582,2022-08-06,12.0,Provence-Alpes-Côte d'Azur
583,2022-08-07,14.0,Provence-Alpes-Côte d'Azur
584,2022-08-08,22.0,Provence-Alpes-Côte d'Azur
585,2022-08-09,22.0,Provence-Alpes-Côte d'Azur
586,2022-08-10,20.0,Provence-Alpes-Côte d'Azur
587,2022-08-11,18.0,Provence-Alpes-Côte d'Azur
588,2022-08-12,19.0,Provence-Alpes-Côte d'Azur
589,2022-08-13,14.0,Provence-Alpes-Côte d'Azur
590,2022-08-14,15.0,Provence-Alpes-Côte d'Azur
591,2022-08-15,7.0,Provence-Alpes-Côte d'Azur
592,2022-08-16,26.0,Provence-Alpes-Côte d'Azur
593,2022-08-17,25.0,Provence-Alpes-Côte d'Azur
594,2022-08-18,13.0,Provence-Alpes-Côte d'Azur
595,2022-08-19,8.0,Provence-Alpes-Côte d'Azur
596,2022-08-20,8.0,Provence-Alpes-Côte d'Azur
597,2022-08-21,7.0,Provence-Alpes-Côte d'Azur
598,2022-08-22,9.0,Provence-Alpes-Côte d'Azur
599,2022-08-23,8.0,Provence-Alpes-Côte d'Azur
600,2022-08-24,8.0,Provence-Alpes-Côte d'Azur
601,2022-08-25,8.0,Provence-Alpes-Côte d'Azur
602,2022-08-26,13.0,Provence-Alpes-Côte d'Azur
603,2022-08-27,12.0,Provence-Alpes-Côte d'Azur
604,2022-08-28,12.0,Provence-Alpes-Côte d'Azur
605,2022-08-29,9.0,Provence-Alpes-Côte d'Azur
606,2022-08-30,19.0,Provence-Alpes-Côte d'Azur
607,2022-08-31,6.0,Provence-Alpes-Côte d'Azur
608,2022-09-01,6.0,Provence-Alpes-Côte d'Azur
609,2022-09-02,8.0,Provence-Alpes-Côte d'Azur
610,2022-09-03,10.0,Provence-Alpes-Côte d'Azur
611,2022-09-04,4.0,Provence-Alpes-Côte d'Azur
612,2022-09-05,8.0,Provence-Alpes-Côte d'Azur
613,2022-09-06,8.0,Provence-Alpes-Côte d'Azur
614,2022-09-07,22.0,Provence-Alpes-Côte d'Azur
615,2022-09-08,18.0,Provence-Alpes-Côte d'Azur
616,2022-09-09,16.0,Provence-Alpes-Côte d'Azur
617,2022-09-10,9.0,Provence-Alpes-Côte d'Azur
618,2022-09-11,13.0,Provence-Alpes-Côte d'Azur
619,2022-09-12,13.0,Provence-Alpes-Côte d'Azur
620,2022-09-13,10.0,Provence-Alpes-Côte d'Azur
621,2022-09-14,16.0,Provence-Alpes-Côte d'Azur
622,2022-09-15,12.0,Provence-Alpes-Côte d'Azur
623,2022-09-16,11.0,Provence-Alpes-Côte d'Azur
624,2022-09-17,13.0,Provence-Alpes-Côte d'Azur
625,2022-09-18,9.0,Provence-Alpes-Côte d'Azur
626,2022-09-19,6.0,Provence-Alpes-Côte d'Azur
627,2022-09-20,12.0,Provence-Alpes-Côte d'Azur
628,2022-09-21,15.0,Provence-Alpes-Côte d'Azur
629,2022-09-22,12.0,Provence-Alpes-Côte d'Azur
630,2022-09-23,9.0,Provence-Alpes-Côte d'Azur
631,2022-09-24,11.0,Provence-Alpes-Côte d'Azur
632,2022-09-25,9.0,Provence-Alpes-Côte d'Azur
633,2022-09-26,7.0,Provence-Alpes-Côte d'Azur
634,2022-09-27,5.0,Provence-Alpes-Côte d'Azur
635,2022-09-28,19.0,Provence-Alpes-Côte d'Azur
636,2022-09-29,14.0,Provence-Alpes-Côte d'Azur
637,2022-09-30,11.0,Provence-Alpes-Côte d'Azur
638,2022-10-01,10.0,Provence-Alpes-Côte d'Azur
639,2022-10-02,19.0,Provence-Alpes-Côte d'Azur
640,2022-10-03,22.0,Provence-Alpes-Côte d'Azur
641,2022-10-04,21.0,Provence-Alpes-Côte d'Azur
642,2022-10-05,19.0,Provence-Alpes-Côte d'Azur
643,2022-10-06,35.0,Provence-Alpes-Côte d'Azur
644,2022-10-07,38.0,Provence-Alpes-Côte d'Azur
645,2022-10-08,42.0,Provence-Alpes-Côte d'Azur
646,2022-10-09,34.0,Provence-Alpes-Côte d'Azur
647,2022-10-10,23.0,Provence-Alpes-Côte d'Azur
648,2022-10-11,23.0,Provence-Alpes-Côte d'Azur
649,2022-10-12,31.0,Provence-Alpes-Côte d'Azur
650,2022-10-13,43.0,Provence-Alpes-Côte d'Azur
651,2022-10-14,43.0,Provence-Alpes-Côte d'Azur
652,2022-10-15,39.0,Provence-Alpes-Côte d'Azur
653,2022-10-16,35.0,Provence-Alpes-Côte d'Azur
654,2022-10-17,46.0,Provence-Alpes-Côte d'Azur
655,2022-10-18,36.0,Provence-Alpes-Côte d'Azur
656,2022-10-19,43.0,Provence-Alpes-Côte d'Azur
657,2022-10-20,58.0,Provence-Alpes-Côte d'Azur
658,2022-10-21,57.0,Provence-Alpes-Côte d'Azur
659,2022-10-22,50.0,Provence-Alpes-Côte d'Azur
660,2022-10-23,45.0,Provence-Alpes-Côte d'Azur
661,2022-10-24,54.0,Provence-Alpes-Côte d'Azur
662,2022-10-25,50.0,Provence-Alpes-Côte d'Azur
663,2022-10-26,51.0,Provence-Alpes-Côte d'Azur
664,2022-10-27,61.0,Provence-Alpes-Côte d'Azur
665,2022-10-28,61.0,Provence-Alpes-Côte d'Azur
666,2022-10-29,34.0,Provence-Alpes-Côte d'Azur
667,2022-10-30,35.0,Provence-Alpes-Côte d'Azur
668,2022-10-31,28.0,Provence-Alpes-Côte d'Azur
669,2022-11-01,29.0,Provence-Alpes-Côte d'Azur
670,2022-11-02,19.0,Provence-Alpes-Côte d'Azur
671,2022-11-03,25.0,Provence-Alpes-Côte d'Azur
672,2022-11-04,8.0,Provence-Alpes-Côte d'Azur
673,2022-11-05,29.574744661095636,Provence-Alpes-Côte d'Azur
674,2022-11-06,29.574744661095636,Provence-Alpes-Côte d'Azur
675,2022-11-07,29.574744661095636,Provence-Alpes-Côte d'Azur
676,2022-11-08,24.0,Provence-Alpes-Côte d'Azur
677,2022-11-09,32.0,Provence-Alpes-Côte d'Azur
678,2022-11-10,17.0,Provence-Alpes-Côte d'Azur
679,2022-11-11,60.0,Provence-Alpes-Côte d'Azur
680,2022-11-12,29.574744661095636,Provence-Alpes-Côte d'Azur
681,2022-11-13,22.0,Provence-Alpes-Côte d'Azur
682,2022-11-14,40.0,Provence-Alpes-Côte d'Azur
683,2022-11-15,35.0,Provence-Alpes-Côte d'Azur
684,2022-11-16,28.0,Provence-Alpes-Côte d'Azur
685,2022-11-17,29.0,Provence-Alpes-Côte d'Azur
686,2022-11-18,23.0,Provence-Alpes-Côte d'Azur
687,2022-11-19,17.0,Provence-Alpes-Côte d'Azur
688,2022-11-20,17.0,Provence-Alpes-Côte d'Azur
689,2022-11-21,19.0,Provence-Alpes-Côte d'Azur
690,2022-11-22,19.0,Provence-Alpes-Côte d'Azur
691,2022-11-23,23.0,Provence-Alpes-Côte d'Azur
692,2022-11-24,23.0,Provence-Alpes-Côte d'Azur
693,2022-11-25,23.0,Provence-Alpes-Côte d'Azur
694,2022-11-26,28.0,Provence-Alpes-Côte d'Azur
695,2022-11-27,19.0,Provence-Alpes-Côte d'Azur
696,2022-11-28,29.0,Provence-Alpes-Côte d'Azur
697,2022-11-29,32.0,Provence-Alpes-Côte d'Azur
698,2022-11-30,21.0,Provence-Alpes-Côte d'Azur
699,2022-12-01,35.0,Provence-Alpes-Côte d'Azur
700,2022-12-02,34.0,Provence-Alpes-Côte d'Azur
701,2022-12-03,13.0,Provence-Alpes-Côte d'Azur
702,2022-12-04,21.0,Provence-Alpes-Côte d'Azur
703,2022-12-05,18.0,Provence-Alpes-Côte d'Azur
704,2022-12-06,24.0,Provence-Alpes-Côte d'Azur
705,2022-12-07,31.0,Provence-Alpes-Côte d'Azur
706,2022-12-08,39.0,Provence-Alpes-Côte d'Azur
707,2022-12-09,20.0,Provence-Alpes-Côte d'Azur
708,2022-12-10,19.0,Provence-Alpes-Côte d'Azur
709,2022-12-11,28.0,Provence-Alpes-Côte d'Azur
710,2022-12-12,24.0,Provence-Alpes-Côte d'Azur
711,2022-12-13,25.0,Provence-Alpes-Côte d'Azur
712,2022-12-14,24.0,Provence-Alpes-Côte d'Azur
713,2022-12-15,20.0,Provence-Alpes-Côte d'Azur
714,2022-12-16,21.0,Provence-Alpes-Côte d'Azur
715,2022-12-17,18.0,Provence-Alpes-Côte d'Azur
716,2022-12-18,23.0,Provence-Alpes-Côte d'Azur
717,2022-12-19,28.0,Provence-Alpes-Côte d'Azur
718,2022-12-20,28.0,Provence-Alpes-Côte d'Azur
719,2022-12-21,26.0,Provence-Alpes-Côte d'Azur
720,2022-12-22,25.0,Provence-Alpes-Côte d'Azur
721,2022-12-23,33.0,Provence-Alpes-Côte d'Azur
722,2022-12-24,30.0,Provence-Alpes-Côte d'Azur
723,2022-12-25,36.0,Provence-Alpes-Côte d'Azur
724,2022-12-26,32.0,Provence-Alpes-Côte d'Azur
725,2022-12-27,33.0,Provence-Alpes-Côte d'Azur
726,2022-12-28,25.0,Provence-Alpes-Côte d'Azur
727,2022-12-29,32.0,Provence-Alpes-Côte d'Azur
728,2022-12-30,36.0,Provence-Alpes-Côte d'Azur
729,2022-12-31,32.0,Provence-Alpes-Côte d'Azur
730,2023-01-01,42.0,Provence-Alpes-Côte d'Azur
731,2023-01-02,43.0,Provence-Alpes-Côte d'Azur
732,2023-01-03,36.0,Provence-Alpes-Côte d'Azur
733,2023-01-04,38.0,Provence-Alpes-Côte d'Azur
734,2023-01-05,33.0,Provence-Alpes-Côte d'Azur
735,2023-01-06,44.0,Provence-Alpes-Côte d'Azur
736,2023-01-07,31.0,Provence-Alpes-Côte d'Azur
737,2023-01-08,27.0,Provence-Alpes-Côte d'Azur
738,2023-01-09,14.0,Provence-Alpes-Côte d'Azur
739,2023-01-10,17.0,Provence-Alpes-Côte d'Azur
740,2023-01-11,26.0,Provence-Alpes-Côte d'Azur
741,2023-01-12,34.0,Provence-Alpes-Côte d'Azur
742,2023-01-13,35.0,Provence-Alpes-Côte d'Azur
743,2023-01-14,22.0,Provence-Alpes-Côte d'Azur
744,2023-01-15,42.0,Provence-Alpes-Côte d'Azur
745,2023-01-16,22.0,Provence-Alpes-Côte d'Azur
746,2023-01-17,16.0,Provence-Alpes-Côte d'Azur
747,2023-01-18,30.0,Provence-Alpes-Côte d'Azur
748,2023-01-19,22.0,Provence-Alpes-Côte d'Azur
749,2023-01-20,20.0,Provence-Alpes-Côte d'Azur
750,2023-01-21,23.0,Provence-Alpes-Côte d'Azur
751,2023-01-22,37.0,Provence-Alpes-Côte d'Azur
752,2023-01-23,37.0,Provence-Alpes-Côte d'Azur
753,2023-01-24,26.0,Provence-Alpes-Côte d'Azur
754,2023-01-25,26.0,Provence-Alpes-Côte d'Azur
755,2023-01-26,34.0,Provence-Alpes-Côte d'Azur
756,2023-01-27,41.0,Provence-Alpes-Côte d'Azur
757,2023-01-28,48.0,Provence-Alpes-Côte d'Azur
758,2023-01-29,41.0,Provence-Alpes-Côte d'Azur
759,2023-01-30,42.0,Provence-Alpes-Côte d'Azur
760,2023-01-31,47.0,Provence-Alpes-Côte d'Azur
761,2023-02-01,36.0,Provence-Alpes-Côte d'Azur
762,2023-02-02,40.0,Provence-Alpes-Côte d'Azur
763,2023-02-03,35.0,Provence-Alpes-Côte d'Azur
764,2023-02-04,47.0,Provence-Alpes-Côte d'Azur
765,2023-02-05,49.0,Provence-Alpes-Côte d'Azur
766,2023-02-06,37.0,Provence-Alpes-Côte d'Azur
767,2023-02-07,35.0,Provence-Alpes-Côte d'Azur
768,2023-02-08,34.0,Provence-Alpes-Côte d'Azur
769,2023-02-09,59.0,Provence-Alpes-Côte d'Azur
770,2023-02-10,55.0,Provence-Alpes-Côte d'Azur
771,2023-02-11,44.0,Provence-Alpes-Côte d'Azur
772,2023-02-12,48.0,Provence-Alpes-Côte d'Azur
773,2023-02-13,71.0,Provence-Alpes-Côte d'Azur
774,2023-02-14,69.0,Provence-Alpes-Côte d'Azur
775,2023-02-15,50.0,Provence-Alpes-Côte d'Azur
776,2023-02-16,43.0,Provence-Alpes-Côte d'Azur
777,2023-02-17,46.0,Provence-Alpes-Côte d'Azur
778,2023-02-18,55.0,Provence-Alpes-Côte d'Azur
779,2023-02-19,46.0,Provence-Alpes-Côte d'Azur
780,2023-02-20,37.0,Provence-Alpes-Côte d'Azur
781,2023-02-21,36.0,Provence-Alpes-Côte d'Azur
782,2023-02-22,45.0,Provence-Alpes-Côte d'Azur
783,2023-02-23,37.0,Provence-Alpes-Côte d'Azur
784,2023-02-24,40.0,Provence-Alpes-Côte d'Azur
785,2023-02-25,53.0,Provence-Alpes-Côte d'Azur
786,2023-02-26,46.0,Provence-Alpes-Côte d'Azur
787,2023-02-27,10.0,Provence-Alpes-Côte d'Azur
788,2023-02-28,11.0,Provence-Alpes-Côte d'Azur
789,2023-03-01,18.0,Provence-Alpes-Côte d'Azur
790,2023-03-02,29.0,Provence-Alpes-Côte d'Azur
791,2023-03-03,24.0,Provence-Alpes-Côte d'Azur
792,2023-03-04,22.0,Provence-Alpes-Côte d'Azur
793,2023-03-05,35.0,Provence-Alpes-Côte d'Azur
794,2023-03-06,57.0,Provence-Alpes-Côte d'Azur
795,2023-03-07,34.0,Provence-Alpes-Côte d'Azur
796,2023-03-08,15.0,Provence-Alpes-Côte d'Azur
797,2023-03-09,18.0,Provence-Alpes-Côte d'Azur
798,2023-03-10,7.0,Provence-Alpes-Côte d'Azur
799,2023-03-11,24.0,Provence-Alpes-Côte d'Azur
800,2023-03-12,18.0,Provence-Alpes-Côte d'Azur
801,2023-03-13,20.0,Provence-Alpes-Côte d'Azur
802,2023-03-14,11.0,Provence-Alpes-Côte d'Azur
803,2023-03-15,13.0,Provence-Alpes-Côte d'Azur
804,2023-03-16,16.0,Provence-Alpes-Côte d'Azur
805,2023-03-17,21.0,Provence-Alpes-Côte d'Azur
806,2023-03-18,23.0,Provence-Alpes-Côte d'Azur
807,2023-03-19,23.0,Provence-Alpes-Côte d'Azur
808,2023-03-20,25.0,Provence-Alpes-Côte d'Azur
809,2023-03-21,27.0,Provence-Alpes-Côte d'Azur
810,2023-03-22,32.0,Provence-Alpes-Côte d'Azur
811,2023-03-23,30.0,Provence-Alpes-Côte d'Azur
812,2023-03-24,21.0,Provence-Alpes-Côte d'Azur
813,2023-03-25,23.0,Provence-Alpes-Côte d'Azur
814,2023-03-26,18.0,Provence-Alpes-Côte d'Azur
815,2023-03-27,15.0,Provence-Alpes-Côte d'Azur
816,2023-03-28,11.0,Provence-Alpes-Côte d'Azur
817,2023-03-29,11.0,Provence-Alpes-Côte d'Azur
818,2023-03-30,23.0,Provence-Alpes-Côte d'Azur
819,2023-03-31,21.0,Provence-Alpes-Côte d'Azur
820,2023-04-01,3.0,Provence-Alpes-Côte d'Azur
821,2023-04-02,12.0,Provence-Alpes-Côte d'Azur
822,2023-04-03,6.0,Provence-Alpes-Côte d'Azur
823,2023-04-04,29.574744661095636,Provence-Alpes-Côte d'Azur
824,2023-04-05,29.574744661095636,Provence-Alpes-Côte d'Azur
825,2023-04-06,33.0,Provence-Alpes-Côte d'Azur
826,2023-04-07,37.0,Provence-Alpes-Côte d'Azur
827,2023-04-08,36.0,Provence-Alpes-Côte d'Azur
828,2023-04-09,30.0,Provence-Alpes-Côte d'Azur
829,2023-04-10,28.0,Provence-Alpes-Côte d'Azur
830,2023-04-11,44.0,Provence-Alpes-Côte d'Azur
831,2023-04-12,40.0,Provence-Alpes-Côte d'Azur
832,2023-04-13,29.0,Provence-Alpes-Côte d'Azur
833,2023-04-14,16.0,Provence-Alpes-Côte d'Azur
834,2023-04-15,27.0,Provence-Alpes-Côte d'Azur
835,2023-04-16,18.0,Provence-Alpes-Côte d'Azur
836,2023-04-17,14.0,Provence-Alpes-Côte d'Azur
837,2023-04-18,20.0,Provence-Alpes-Côte d'Azur
838,2023-04-19,25.0,Provence-Alpes-Côte d'Azur
839,2023-04-20,31.0,Provence-Alpes-Côte d'Azur
840,2023-04-21,22.0,Provence-Alpes-Côte d'Azur
841,2023-04-22,30.0,Provence-Alpes-Côte d'Azur
842,2023-04-23,36.0,Provence-Alpes-Côte d'Azur
843,2023-04-24,23.0,Provence-Alpes-Côte d'Azur
844,2023-04-25,33.0,Provence-Alpes-Côte d'Azur
845,2023-04-26,33.0,Provence-Alpes-Côte d'Azur
846,2023-04-27,32.0,Provence-Alpes-Côte d'Azur
847,2023-04-28,37.0,Provence-Alpes-Côte d'Azur
848,2023-04-29,32.0,Provence-Alpes-Côte d'Azur
849,2023-04-30,45.0,Provence-Alpes-Côte d'Azur
850,2023-05-01,17.0,Provence-Alpes-Côte d'Azur
851,2023-05-02,11.0,Provence-Alpes-Côte d'Azur
852,2023-05-03,16.0,Provence-Alpes-Côte d'Azur
853,2023-05-04,17.0,Provence-Alpes-Côte d'Azur
854,2023-05-05,21.0,Provence-Alpes-Côte d'Azur
855,2023-05-06,23.0,Provence-Alpes-Côte d'Azur
856,2023-05-07,25.0,Provence-Alpes-Côte d'Azur
857,2023-05-08,25.0,Provence-Alpes-Côte d'Azur
858,2023-05-09,29.0,Provence-Alpes-Côte d'Azur
859,2023-05-10,29.0,Provence-Alpes-Côte d'Azur
860,2023-05-11,13.0,Provence-Alpes-Côte d'Azur
861,2023-05-12,17.0,Provence-Alpes-Côte d'Azur
862,2023-05-13,21.0,Provence-Alpes-Côte d'Azur
863,2023-05-14,16.0,Provence-Alpes-Côte d'Azur
864,2023-05-15,20.0,Provence-Alpes-Côte d'Azur
865,2023-05-16,13.0,Provence-Alpes-Côte d'Azur
866,2023-05-17,11.0,Provence-Alpes-Côte d'Azur
867,2023-05-18,10.0,Provence-Alpes-Côte d'Azur
868,2023-05-19,16.0,Provence-Alpes-Côte d'Azur
869,2023-05-20,25.0,Provence-Alpes-Côte d'Azur
870,2023-05-21,30.0,Provence-Alpes-Côte d'Azur
871,2023-05-22,53.0,Provence-Alpes-Côte d'Azur
872,2023-05-23,57.0,Provence-Alpes-Côte d'Azur
873,2023-05-24,50.0,Provence-Alpes-Côte d'Azur
874,2023-05-25,46.0,Provence-Alpes-Côte d'Azur
875,2023-05-26,35.0,Provence-Alpes-Côte d'Azur
876,2023-05-27,32.0,Provence-Alpes-Côte d'Azur
877,2023-05-28,41.0,Provence-Alpes-Côte d'Azur
878,2023-05-29,31.0,Provence-Alpes-Côte d'Azur
879,2023-05-30,36.0,Provence-Alpes-Côte d'Azur
880,2023-05-31,29.0,Provence-Alpes-Côte d'Azur
881,2023-06-01,31.0,Provence-Alpes-Côte d'Azur
882,2023-06-02,37.0,Provence-Alpes-Côte d'Azur
883,2023-06-03,22.0,Provence-Alpes-Côte d'Azur
884,2023-06-04,25.0,Provence-Alpes-Côte d'Azur
885,2023-06-05,23.0,Provence-Alpes-Côte d'Azur
886,2023-06-06,20.0,Provence-Alpes-Côte d'Azur
887,2023-06-07,25.0,Provence-Alpes-Côte d'Azur
888,2023-06-08,24.0,Provence-Alpes-Côte d'Azur
889,2023-06-09,29.0,Provence-Alpes-Côte d'Azur
890,2023-06-10,23.0,Provence-Alpes-Côte d'Azur
891,2023-06-11,25.0,Provence-Alpes-Côte d'Azur
892,2023-06-12,20.0,Provence-Alpes-Côte d'Azur
893,2023-06-13,22.0,Provence-Alpes-Côte d'Azur
894,2023-06-14,13.0,Provence-Alpes-Côte d'Azur
895,2023-06-15,18.0,Provence-Alpes-Côte d'Azur
896,2023-06-16,22.0,Provence-Alpes-Côte d'Azur
897,2023-06-17,39.0,Provence-Alpes-Côte d'Azur
898,2023-06-18,35.0,Provence-Alpes-Côte d'Azur
899,2023-06-19,30.0,Provence-Alpes-Côte d'Azur
900,2023-06-20,37.0,Provence-Alpes-Côte d'Azur
901,2023-06-21,39.0,Provence-Alpes-Côte d'Azur
902,2023-06-22,46.0,Provence-Alpes-Côte d'Azur
903,2023-06-23,37.0,Provence-Alpes-Côte d'Azur
904,2023-06-24,36.0,Provence-Alpes-Côte d'Azur
905,2023-06-25,36.0,Provence-Alpes-Côte d'Azur
906,2023-06-26,35.0,Provence-Alpes-Côte d'Azur
907,2023-06-27,42.0,Provence-Alpes-Côte d'Azur
908,2023-06-28,34.0,Provence-Alpes-Côte d'Azur
909,2023-06-29,41.0,Provence-Alpes-Côte d'Azur
910,2023-06-30,35.0,Provence-Alpes-Côte d'Azur
911,2023-07-01,19.0,Provence-Alpes-Côte d'Azur
912,2023-07-02,25.0,Provence-Alpes-Côte d'Azur
913,2023-07-03,28.0,Provence-Alpes-Côte d'Azur
914,2023-07-04,23.0,Provence-Alpes-Côte d'Azur
915,2023-07-05,27.0,Provence-Alpes-Côte d'Azur
916,2023-07-06,25.0,Provence-Alpes-Côte d'Azur
917,2023-07-07,27.0,Provence-Alpes-Côte d'Azur
918,2023-07-08,32.0,Provence-Alpes-Côte d'Azur
919,2023-07-09,34.0,Provence-Alpes-Côte d'Azur
920,2023-07-10,36.0,Provence-Alpes-Côte d'Azur
921,2023-07-11,33.0,Provence-Alpes-Côte d'Azur
922,2023-07-12,34.0,Provence-Alpes-Côte d'Azur
923,2023-07-13,48.0,Provence-Alpes-Côte d'Azur
924,2023-07-14,36.0,Provence-Alpes-Côte d'Azur
925,2023-07-15,31.0,Provence-Alpes-Côte d'Azur
926,2023-07-16,36.0,Provence-Alpes-Côte d'Azur
927,2023-07-17,41.0,Provence-Alpes-Côte d'Azur
928,2023-07-18,34.0,Provence-Alpes-Côte d'Azur
929,2023-07-19,32.0,Provence-Alpes-Côte d'Azur
930,2023-07-20,46.0,Provence-Alpes-Côte d'Azur
931,2023-07-21,38.0,Provence-Alpes-Côte d'Azur
932,2023-07-22,35.0,Provence-Alpes-Côte d'Azur
933,2023-07-23,35.0,Provence-Alpes-Côte d'Azur
934,2023-07-24,43.0,Provence-Alpes-Côte d'Azur
935,2023-07-25,36.0,Provence-Alpes-Côte d'Azur
936,2023-07-26,19.0,Provence-Alpes-Côte d'Azur
937,2023-07-27,30.0,Provence-Alpes-Côte d'Azur
938,2023-07-28,17.0,Provence-Alpes-Côte d'Azur
939,2023-07-29,17.0,Provence-Alpes-Côte d'Azur
940,2023-07-30,21.0,Provence-Alpes-Côte d'Azur
941,2023-07-31,24.0,Provence-Alpes-Côte d'Azur
942,2023-08-01,35.0,Provence-Alpes-Côte d'Azur
943,2023-08-02,33.0,Provence-Alpes-Côte d'Azur
944,2023-08-03,22.0,Provence-Alpes-Côte d'Azur
945,2023-08-04,20.0,Provence-Alpes-Côte d'Azur
946,2023-08-05,15.0,Provence-Alpes-Côte d'Azur
947,2023-08-06,19.0,Provence-Alpes-Côte d'Azur
948,2023-08-07,16.0,Provence-Alpes-Côte d'Azur
949,2023-08-08,15.0,Provence-Alpes-Côte d'Azur
950,2023-08-09,16.0,Provence-Alpes-Côte d'Azur
951,2023-08-10,18.0,Provence-Alpes-Côte d'Azur
952,2023-08-11,23.0,Provence-Alpes-Côte d'Azur
953,2023-08-12,29.574744661095636,Provence-Alpes-Côte d'Azur
954,2023-08-13,29.574744661095636,Provence-Alpes-Côte d'Azur
955,2023-08-14,29.574744661095636,Provence-Alpes-Côte d'Azur
956,2023-08-15,29.574744661095636,Provence-Alpes-Côte d'Azur
957,2023-08-16,21.0,Provence-Alpes-Côte d'Azur
958,2023-08-17,28.0,Provence-Alpes-Côte d'Azur
959,2023-08-18,39.0,Provence-Alpes-Côte d'Azur
960,2023-08-19,44.0,Provence-Alpes-Côte d'Azur
961,2023-08-20,68.0,Provence-Alpes-Côte d'Azur
962,2023-08-21,59.0,Provence-Alpes-Côte d'Azur
963,2023-08-22,49.0,Provence-Alpes-Côte d'Azur
964,2023-08-23,57.0,Provence-Alpes-Côte d'Azur
965,2023-08-24,48.0,Provence-Alpes-Côte d'Azur
966,2023-08-25,37.0,Provence-Alpes-Côte d'Azur
967,2023-08-26,40.0,Provence-Alpes-Côte d'Azur
968,2023-08-27,21.0,Provence-Alpes-Côte d'Azur
969,2023-08-28,14.0,Provence-Alpes-Côte d'Azur
970,2023-08-29,15.0,Provence-Alpes-Côte d'Azur
971,2023-08-30,21.0,Provence-Alpes-Côte d'Azur
972,2023-08-31,28.0,Provence-Alpes-Côte d'Azur
973,2023-09-01,26.0,Provence-Alpes-Côte d'Azur
974,2023-09-02,22.0,Provence-Alpes-Côte d'Azur
975,2023-09-03,27.0,Provence-Alpes-Côte d'Azur
976,2023-09-04,35.0,Provence-Alpes-Côte d'Azur
977,2023-09-05,32.0,Provence-Alpes-Côte d'Azur
978,2023-09-06,37.0,Provence-Alpes-Côte d'Azur
979,2023-09-07,31.0,Provence-Alpes-Côte d'Azur
980,2023-09-08,36.0,Provence-Alpes-Côte d'Azur
981,2023-09-09,42.0,Provence-Alpes-Côte d'Azur
982,2023-09-10,52.0,Provence-Alpes-Côte d'Azur
983,2023-09-11,50.0,Provence-Alpes-Côte d'Azur
984,2023-09-12,48.0,Provence-Alpes-Côte d'Azur
985,2023-09-13,39.0,Provence-Alpes-Côte d'Azur
986,2023-09-14,30.0,Provence-Alpes-Côte d'Azur
987,2023-09-15,25.0,Provence-Alpes-Côte d'Azur
988,2023-09-16,34.0,Provence-Alpes-Côte d'Azur
989,2023-09-17,45.0,Provence-Alpes-Côte d'Azur
990,2023-09-18,58.0,Provence-Alpes-Côte d'Azur
991,2023-09-19,28.0,Provence-Alpes-Côte d'Azur
992,2023-09-20,32.0,Provence-Alpes-Côte d'Azur
993,2023-09-21,19.0,Provence-Alpes-Côte d'Azur
994,2023-09-22,25.0,Provence-Alpes-Côte d'Azur
995,2023-09-23,25.0,Provence-Alpes-Côte d'Azur
996,2023-09-24,22.0,Provence-Alpes-Côte d'Azur
997,2023-09-25,25.0,Provence-Alpes-Côte d'Azur
998,2023-09-26,29.0,Provence-Alpes-Côte d'Azur
999,2023-09-27,38.0,Provence-Alpes-Côte d'Azur
1000,2023-09-28,38.0,Provence-Alpes-Côte d'Azur
1001,2023-09-29,36.0,Provence-Alpes-Côte d'Azur
1002,2023-09-30,49.0,Provence-Alpes-Côte d'Azur
1003,2023-10-01,52.0,Provence-Alpes-Côte d'Azur
1004,2023-10-02,59.0,Provence-Alpes-Côte d'Azur
1005,2023-10-03,54.0,Provence-Alpes-Côte d'Azur
1006,2023-10-04,47.0,Provence-Alpes-Côte d'Azur
1007,2023-10-05,41.0,Provence-Alpes-Côte d'Azur
1008,2023-10-06,43.0,Provence-Alpes-Côte d'Azur
1009,2023-10-07,48.0,Provence-Alpes-Côte d'Azur
1010,2023-10-08,44.0,Provence-Alpes-Côte d'Azur
1011,2023-10-09,50.0,Provence-Alpes-Côte d'Azur
1012,2023-10-10,54.0,Provence-Alpes-Côte d'Azur
1013,2023-10-11,53.0,Provence-Alpes-Côte d'Azur
1014,2023-10-12,51.0,Provence-Alpes-Côte d'Azur
1015,2023-10-13,47.0,Provence-Alpes-Côte d'Azur
1016,2023-10-14,44.0,Provence-Alpes-Côte d'Azur
1017,2023-10-15,37.0,Provence-Alpes-Côte d'Azur
1018,2023-10-16,34.0,Provence-Alpes-Côte d'Azur
1019,2023-10-17,29.0,Provence-Alpes-Côte d'Azur
1020,2023-10-18,36.0,Provence-Alpes-Côte d'Azur
1021,2023-10-19,39.0,Provence-Alpes-Côte d'Azur
1022,2023-10-20,31.0,Provence-Alpes-Côte d'Azur
1023,2023-10-21,26.0,Provence-Alpes-Côte d'Azur
1024,2023-10-22,30.0,Provence-Alpes-Côte d'Azur
1025,2023-10-23,35.0,Provence-Alpes-Côte d'Azur
1026,2023-10-24,36.0,Provence-Alpes-Côte d'Azur
1027,2023-10-25,24.0,Provence-Alpes-Côte d'Azur
1028,2023-10-26,21.0,Provence-Alpes-Côte d'Azur
1029,2023-10-27,31.0,Provence-Alpes-Côte d'Azur
1030,2023-10-28,34.0,Provence-Alpes-Côte d'Azur
1031,2023-10-29,32.0,Provence-Alpes-Côte d'Azur
1032,2023-10-30,35.0,Provence-Alpes-Côte d'Azur
1033,2023-10-31,28.0,Provence-Alpes-Côte d'Azur
1034,2023-11-01,29.574744661095636,Provence-Alpes-Côte d'Azur
1035,2023-11-02,35.0,Provence-Alpes-Côte d'Azur
1036,2023-11-03,24.0,Provence-Alpes-Côte d'Azur
1037,2023-11-04,24.0,Provence-Alpes-Côte d'Azur
1038,2023-11-05,50.0,Provence-Alpes-Côte d'Azur
1039,2023-11-06,37.0,Provence-Alpes-Côte d'Azur
1040,2023-11-07,22.0,Provence-Alpes-Côte d'Azur
1041,2023-11-08,66.0,Provence-Alpes-Côte d'Azur
1042,2023-11-09,32.0,Provence-Alpes-Côte d'Azur
1043,2023-11-10,26.0,Provence-Alpes-Côte d'Azur
1044,2023-11-11,28.0,Provence-Alpes-Côte d'Azur
1045,2023-11-12,38.0,Provence-Alpes-Côte d'Azur
1046,2023-11-13,46.0,Provence-Alpes-Côte d'Azur
1047,2023-11-14,29.574744661095636,Provence-Alpes-Côte d'Azur
1048,2023-11-15,72.0,Provence-Alpes-Côte d'Azur
1049,2023-11-16,21.0,Provence-Alpes-Côte d'Azur
1050,2023-11-17,26.0,Provence-Alpes-Côte d'Azur
1051,2023-11-18,18.0,Provence-Alpes-Côte d'Azur
1052,2023-11-19,24.0,Provence-Alpes-Côte d'Azur
1053,2023-11-20,33.0,Provence-Alpes-Côte d'Azur
1054,2023-11-21,35.0,Provence-Alpes-Côte d'Azur
1055,2023-11-22,23.0,Provence-Alpes-Côte d'Azur
1056,2023-11-23,20.0,Provence-Alpes-Côte d'Azur
1057,2023-11-24,43.0,Provence-Alpes-Côte d'Azur
1058,2023-11-25,31.0,Provence-Alpes-Côte d'Azur
1059,2023-11-26,28.0,Provence-Alpes-Côte d'Azur
1060,2023-11-27,48.0,Provence-Alpes-Côte d'Azur
1061,2023-11-28,16.0,Provence-Alpes-Côte d'Azur
1062,2023-11-29,20.0,Provence-Alpes-Côte d'Azur
1063,2023-11-30,39.0,Provence-Alpes-Côte d'Azur
1064,2023-12-01,36.0,Provence-Alpes-Côte d'Azur
1065,2023-12-02,14.0,Provence-Alpes-Côte d'Azur
1066,2023-12-03,22.0,Provence-Alpes-Côte d'Azur
1067,2023-12-04,25.0,Provence-Alpes-Côte d'Azur
1068,2023-12-05,26.0,Provence-Alpes-Côte d'Azur
1069,2023-12-06,23.0,Provence-Alpes-Côte d'Azur
1070,2023-12-07,24.0,Provence-Alpes-Côte d'Azur
1071,2023-12-08,20.0,Provence-Alpes-Côte d'Azur
1072,2023-12-09,28.0,Provence-Alpes-Côte d'Azur
1073,2023-12-10,36.0,Provence-Alpes-Côte d'Azur
1074,2023-12-11,43.0,Provence-Alpes-Côte d'Azur
1075,2023-12-12,46.0,Provence-Alpes-Côte d'Azur
1076,2023-12-13,26.0,Provence-Alpes-Côte d'Azur
1077,2023-12-14,27.0,Provence-Alpes-Côte d'Azur
1078,2023-12-15,16.0,Provence-Alpes-Côte d'Azur
1079,2023-12-16,24.0,Provence-Alpes-Côte d'Azur
1080,2023-12-17,28.0,Provence-Alpes-Côte d'Azur
1081,2023-12-18,29.0,Provence-Alpes-Côte d'Azur
1082,2023-12-19,30.0,Provence-Alpes-Côte d'Azur
1083,2023-12-20,37.0,Provence-Alpes-Côte d'Azur
1084,2023-12-21,29.0,Provence-Alpes-Côte d'Azur
1085,2023-12-22,39.0,Provence-Alpes-Côte d'Azur
1086,2023-12-23,53.0,Provence-Alpes-Côte d'Azur
1087,2023-12-24,40.0,Provence-Alpes-Côte d'Azur
1088,2023-12-25,34.0,Provence-Alpes-Côte d'Azur
1089,2023-12-26,35.0,Provence-Alpes-Côte d'Azur
1090,2023-12-27,33.0,Provence-Alpes-Côte d'Azur
1091,2023-12-28,39.0,Provence-Alpes-Côte d'Azur
1092,2023-12-29,36.0,Provence-Alpes-Côte d'Azur
1093,2023-12-30,37.0,Provence-Alpes-Côte d'Azur
1094,2023-12-31,44.0,Provence-Alpes-Côte d'Azur
